report_agent_lei,total assets,cash,loans,own funds,deposits,securities collateral FINREP,securities collateral SHSG (nominal value),securities collateral SHSG (market value),cash over total assets,loans over total assets,own funds over total assets,deposits over total assets,securities collateral FINREP over total assets,securities collateral SHSG (nominal value) over total assets,securities collateral SHSG (market value) over total assets
6820,17774885738.22,367404502.41,84802437.54,86349375.0,13245996994.24,0.0,0.0,0.0,0.020669865776970803,0.004770913230550658,0.0048579426203752985,0.7452085593865804,0.0,0.0,0.0
5521,9596502959.57,230306912.58,0.0,50000000.0,6933279348.78,0.0,0.0,0.0,0.023999045647178086,0.0,0.005210231290570081,0.7224797801855382,0.0,0.0,0.0
9359,196161940781.15002,7806420948.64,48547730.77,859600000.0,137704554855.69,2371467315.1,0.0,0.0,0.039795797887977206,0.00024748802227728134,0.00438209367513865,0.7019942518274808,0.012089334483827067,0.0,0.0
884,213034915000.0,2296658000.0,0.0,1681034000.0,141328685000.0,245283000.0,0.0,0.0,0.01078066475629124,0.0,0.007890884928416546,0.6634062073815459,0.001151374646733377,0.0,0.0
7992,9410264225.38,97353969.28,213362229.35,14663590.0,3059463883.4,0.0,0.0,0.0,0.010345508579603004,0.0226733515913985,0.0015582548639231078,0.32511987018902805,0.0,0.0,0.0
13779,37978851578.24,3538113206.73,872108746.35,116488743.97,21684391057.1,29676744.57,0.0,0.0,0.09316008935765618,0.022963009941292568,0.0030672002740794375,0.5709596303202618,0.0007814018417292878,0.0,0.0
8260,14218946378.7,1082578114.61,746350217.42,177317150.7,7807907604.99,0.0,0.0,0.0,0.07613631036907934,0.05248983979136693,0.012470484519557743,0.5491199837905187,0.0,0.0,0.0
14360,34916190073.18,684191168.67,178687885.34,100000000.0,23594826131.46,12242.1,0.0,0.0,0.019595241268764437,0.005117622654862755,0.0028640009058953,0.6757560341494353,3.506138549006085e-07,0.0,0.0
8155,23225123777.91,891963582.0550001,5002515.66,914101459.3,17629497621.934,0.0,0.0,0.0,0.03840511639827595,0.00021539242192362474,0.03935830301879488,0.7590701255466228,0.0,0.0,0.0
9826,280878676637.0,13141034403.0,7286642000.0,9374878000.0,201012270728.0,801361778.0,0.0,0.0,0.04678544687101014,0.02594231106200012,0.03337696585674191,0.7156551473922772,0.0028530530960727157,0.0,0.0
7211,151808659090.63,3546831898.27,74146278.66,2349999999.99,102969800631.34,0.0,0.0,0.0,0.023363831282855452,0.0004884192977143323,0.015480012892986863,0.6782867410077502,0.0,0.0,0.0
741,171838227013.0,2810866438.0,0.0,3458066227.0,88213410440.0,575858376.0,3.99399108798462,5.291382051947102,0.01635763174969997,0.0,0.020123963608739914,0.5133514932816807,0.003351165721445874,2.3242739158862854e-11,3.079281102886842e-11
14442,5584891704.91,336013186.03,0.0,47491186.0,4540584996.02,0.0,0.0,0.0,0.06016467351275432,0.0,0.008503510633563005,0.8130121828554188,0.0,0.0,0.0
5914,214217073734.0,6836166753.0,4932707410.0,1453231742.0,155426487492.0,2391032679.0,0.0,0.0,0.031912333754911995,0.023026677211196975,0.006783921172429622,0.7255560202684773,0.011161727855404372,0.0,0.0
4199,4487430435.59,122667595.0,0.0,17500000.0,3715500432.75,0.0,0.0,0.0,0.027335820969416735,0.0,0.003899781902178753,0.8279795054386156,0.0,0.0,0.0
645,6894424426.66,682419279.79,0.0,288383000.0,5753073258.8,0.0,0.0,0.0,0.09898132716505786,0.0,0.041828437321736946,0.8344530163465833,0.0,0.0,0.0
3652,33715059596.0,149377455.0,0.0,98000000.0,28828170660.0,0.0,0.0,0.0,0.0044305855243904815,0.0,0.0029067129399832606,0.8550532315659977,0.0,0.0,0.0
1356,33524075038.0,149377455.0,0.0,579077650.0,28874888895.0,0.0,0.0,0.0,0.004455826292915721,0.0,0.017273486273479806,0.8613179890055107,0.0,0.0,0.0
10637,42641693621.22,386474185.99,0.0,681318241.47,25548202196.57,0.0,0.0,0.0,0.009063293531982907,0.0,0.015977748152361197,0.599136667120002,0.0,0.0,0.0
12380,574100641.11,121498927.56,0.0,18000000.0,475437188.23,0.0,0.0,0.0,0.211633499180713,0.0,0.03135338773563767,0.8281425836953635,0.0,0.0,0.0
11374,25882824240.95,3823010682.04,0.0,839600935.75,21970533194.0,0.0,0.0,0.0,0.147704541299303,0.0,0.03243853637972173,0.8488460528677452,0.0,0.0,0.0
9546,23974821589.12,3708609283.86,0.0,285497303.76,21992564182.72,0.0,0.0,0.0,0.15468766973194087,0.0,0.011908213902603612,0.9173192009362203,0.0,0.0,0.0
4652,1427880399.66456,220698889.53,0.0,42300000.0,1069332182.59,1.07,0.0,0.0,0.1545639883997616,0.0,0.02962432988780936,0.7488947833734598,7.493624817956505e-10,0.0,0.0
896,211116380504.0,6829535950.0,4932707410.0,8948439652.0,155825828650.0,2391032679.0,7.699138524863083,9.343620938549698,0.032349625991577674,0.023364872958811175,0.04238628774630046,0.7381039229547022,0.011325661577239372,3.64686932699531e-11,4.425815238137178e-11
9948,33801527608.0,149377455.0,0.0,620191100.0,28856938269.0,0.0,0.0,0.0,0.004419251601062137,0.0,0.018348019864439968,0.8537169859201944,0.0,0.0,0.0
1027,34781941547.26,17546798757.17,0.0,1508654063.62,31268075067.94,0.0,0.0,0.0,0.5044801404581819,0.0,0.04337463627699203,0.898974400996404,0.0,0.0,0.0
13469,26032441000.0,1928615000.0,0.0,892238000.0,21713553000.0,0.0,0.0,0.0,0.07408506178886567,0.0,0.03427408132798611,0.8340959266939277,0.0,0.0,0.0
5495,7524284000.0,2488381000.0,0.0,93010000.0,6690424000.0,0.0,0.0,0.0,0.3307133276734371,0.0,0.01236130906276265,0.8891774951610014,0.0,0.0,0.0
13310,1680872116596.56,19808591592.25,112842072559.8,3530938444.87,575411468241.2301,52665191836.08,0.0,0.0,0.011784710684807215,0.06713305042401638,0.0021006585866981155,0.34232911746214617,0.03133206346638482,0.0,0.0
4506,565898272885.5,9665254480.08,47996726125.740005,1138506941.0,357546949285.9,4413923886.66,0.0,0.0,0.017079491037845243,0.08481511329060255,0.002011857953187918,0.6318219482501295,0.0077998539634226505,0.0,0.0
11540,301960624000.0,2948464000.0,11398988000.0,2407151000.0,148441493000.0,3654796000.0,0.0,0.0,0.009764398950241936,0.037749915366448575,0.00797173806343704,0.4915922183284401,0.012103551620690782,0.0,0.0
3316,28685325635.61,1336216795.48,0.0,775155200.0,18622176147.26,163628428.11,0.0,0.0,0.0465818939081946,0.0,0.02702270874825703,0.6491882429301205,0.005704255555212225,0.0,0.0
14523,14125194092.42,262187625.44,0.0,60468571.8,12237640321.41,0.0,0.0,0.0,0.018561700725988443,0.0,0.00428090201128275,0.8663697108400855,0.0,0.0,0.0
7964,113921578464.91,4129743088.36,2267210927.64,286323453.46,60784493440.68,4599946954.09,0.0,0.0,0.036250753755418155,0.01990150556365705,0.002513338186831681,0.5335643541789826,0.040378188364962576,0.0,0.0
12340,264864653431.32,2718710355.36,24817674109.16,3483912867.65,153194265972.56,5676671281.55,0.0,0.0,0.010264526882462887,0.0936994566381251,0.01315355908202899,0.5783869760948817,0.021432347457498602,0.0,0.0
2599,232109506769.0,5575681597.0,1889457334.0,5524556645.0,145722878364.0,1098099889.0,0.0,0.0,0.024021771768913496,0.00814037029461454,0.02380150956288985,0.6278195167121109,0.004730956108975109,0.0,0.0
6621,178566041491.24,1032230483.18,2913691023.0,2508888888.88,96606284362.48,5368390654.48,0.0,0.0,0.005780665094883892,0.01631716197921618,0.01405020163928022,0.5410115134753618,0.030063894622110215,0.0,0.0
9984,200197727175.33,1787297343.86,2707607947.35,1607257810.0,125625857378.76999,361700763.71,0.0,0.0,0.008927660513821484,0.013524668763990113,0.008028351933248419,0.6275089090734225,0.001806717632679357,0.0,0.0
1246,326358830017.27,18448405192.06,20626574418.72,3646266910.0,202034173303.18002,2407429274.74,0.0,0.0,0.05652797931370131,0.06320213373000663,0.01117257011188283,0.6190553302709442,0.007376632875576264,0.0,0.0
8154,110837746977.44,10017850994.62,1426191843.0700002,3018224530.0,60694504640.17,1127590314.32,0.0,0.0,0.09038302625060614,0.012867383918948554,0.027231016619404323,0.5475977841062016,0.010173342070454667,0.0,0.0
12872,22075453951.12,616441060.76,837379094.35,91423896.95,14465058255.5,1617055005.8,0.0,0.0,0.027924275628711356,0.03793258776033077,0.004141427721143719,0.6552553024517132,0.07325126855286972,0.0,0.0
8064,5182759000.0,1036298000.0,0.0,42541000.0,4222182000.0,0.0,0.0,0.0,0.19995102994370373,0.0,0.008208176378643113,0.8146591419743808,0.0,0.0,0.0
13112,8947100880.54,1946407195.43,364732.26,85000000.0,6766703152.61,199427283.77,0.0,0.0,0.21754613269907883,4.076541271522879e-05,0.009500284073567955,0.7563012022506218,0.022289598209824096,0.0,0.0
5662,255985373.0,61944811.0,0.0,25000703.0,226597551.0,0.0,0.0,0.0,0.24198574424016017,0.0,0.09766457632717944,0.8851972608606821,0.0,0.0,0.0
13826,192244866.0,136075895.0,0.0,18500000.0,171540835.0,0.0,0.0,0.0,0.7078258984559826,0.0,0.09623143850301834,0.8923038548139954,0.0,0.0,0.0
1223,555691360.0,84128989.0,0.0,23356005.0,457922698.0,0.0,0.0,0.0,0.15139517195300642,0.0,0.0420305347198488,0.8240594167237008,0.0,0.0,0.0
4403,1252213859000.0,59226410000.0,42151096000.0,6292207000.0,786168708000.0,41620953000.0,3.1695240044823687,3.57923755969227,0.047297360250666255,0.03366125977367896,0.0050248661239262,0.6278230370552064,0.033237895189275335,2.5311363404119366e-12,2.8583277001506736e-12
10508,161039846000.0,2333277000.0,0.0,503058000.0,121846013000.0,489900000.0,0.0,0.0,0.014488817879271941,0.0,0.0031238107368781265,0.7566202776920191,0.0030421042503977554,0.0,0.0
1786,56568560700.45,876255552.4,2511708491.66,269659846.2,39195956649.579994,2267474311.89,0.0,0.0,0.015490151093645016,0.044401138380740515,0.00476695611238797,0.6928929455556785,0.04008364865242121,0.0,0.0
7166,637571730000.0,28504519000.0,145300000.0,3023956000.0,425163830000.0,27209597000.0,7.106180053218483,7.993559561682573,0.04470794054811684,0.00022789592631404783,0.00474292672920112,0.6668486226639943,0.042676918877817875,1.1145695015709814e-11,1.2537506268796724e-11
11243,20036133035.74,1883128002.79,0.0,91009249.7,18583082874.57,2872839208.91,0.0,0.0,0.09398659908231388,0.0,0.0045422562097017305,0.9274785130155563,0.14338291744147905,0.0,0.0
8026,36023175032.17,609335852.54,44800000.0,813550000.0,30894170314.089996,0.0,0.0,0.0,0.016915106788778084,0.001243643847606214,0.02258407259419722,0.8576193044200126,0.0,0.0,0.0
2633,10868904000.0,323245000.0,3624938000.0,112257000.0,6820095000.0,985709000.0,0.0,0.0,0.0297403491649204,0.33351458435919573,0.010328272289459912,0.6274869112837872,0.09069074489939372,0.0,0.0
7975,43095669996.44,390882090.23,0.0,783789049.8,38897928199.09,32599636.37,0.0,0.0,0.009070101248275977,0.0,0.018187187944049745,0.9025948129429994,0.0007564480694392953,0.0,0.0
7601,57370635000.0,465310000.0,0.0,2611730000.0,50030510000.0,436000.0,0.0,0.0,0.008110595254872113,0.0,0.045523811964082325,0.8720578044848205,7.5997067140707085e-06,0.0,0.0
14413,313218239000.0,7028776000.0,0.0,5714956000.0,218716556000.0,1820660000.0,9.073049826370424,9.933751048897252,0.022440506729239352,0.0,0.018245923411886623,0.6982880585060693,0.005812752175009834,2.8967182292249667e-11,3.171511046295504e-11
8564,67790880000.0,887359000.0,0.0,881288000.0,59187388000.0,175515000.0,0.0,0.0,0.013089651587352162,0.0,0.013000096768178846,0.8730877663780142,0.002589065077780374,0.0,0.0
10212,2485749000.0,36941000.0,0.0,67498000.0,2259826000.0,31807000.0,0.0,0.0,0.014861114295932534,0.0,0.027153988596596037,0.9091127060696796,0.012795740841090553,0.0,0.0
7144,24147933000.0,157886000.0,0.0,695962000.0,21439396000.0,269522000.0,0.0,0.0,0.006538282179265612,0.0,0.028820769048845712,0.8878356586462286,0.011161286558149719,0.0,0.0
2884,7863196000.0,577251000.0,0.0,44818000.0,6107645000.0,0.0,0.0,0.0,0.073411752676647,0.0,0.005699718028140212,0.7767382372256777,0.0,0.0,0.0
14443,107478000.0,7404000.0,0.0,2441000.0,93803000.0,0.0,0.0,0.0,0.06888851671970078,0.0,0.02271162470459071,0.8727646588138968,0.0,0.0,0.0
9714,4292103000.0,156716000.0,0.0,29104000.0,2627094000.0,0.0,0.0,0.0,0.03651263727827594,0.0,0.0067808251572713885,0.6120761780413937,0.0,0.0,0.0
1827,490047000.0,163580000.0,0.0,30194000.0,305131000.0,0.0,0.0,0.0,0.3338047166904399,0.0,0.06161449820119295,0.6226566023258994,0.0,0.0,0.0
9154,9597208657.42,412799562.33,0.0,163000000.0,4700697248.5,0.0,0.0,0.0,0.0430124609212125,0.0,0.016984105047458557,0.4897983795387939,0.0,0.0,0.0
5594,4762046470.0,196509000.0,0.0,82880000.0,4056689570.0,0.0,0.0,0.0,0.04126566198754461,0.0,0.01740428207119113,0.8518794588747471,0.0,0.0,0.0
12550,1157215493000.0,86220182000.0,74766816000.0,16999806000.0,633831052000.0,32029490000.0,0.0,0.0,0.07450659148753723,0.0646092421439781,0.014690268236842557,0.5477208487391034,0.02767806877262401,0.0,0.0
6726,8798640000.0,3271164000.0,84441000.0,142275000.0,5841306000.0,3000000.0,0.0,0.0,0.3717806388260004,0.009597051362483292,0.016170112653773765,0.6638873735031777,0.00034096178500313685,0.0,0.0
3586,475689160000.0,33827159000.0,21392000.0,5840071000.0,292139104000.0,2790778000.0,0.0,0.0,0.07111189794612936,4.4970543369119445e-05,0.012277073961491997,0.6141386614738078,0.005866810166538165,0.0,0.0
8688,7288730659.0,175822551.0,0.0,89467904.0,3916582728.0,0.0,0.0,0.0,0.02412251998678224,0.0,0.012274826466461147,0.5373477099423163,0.0,0.0,0.0
10362,1298396000.0,17634000.0,0.0,24530000.0,856757000.0,3000000.0,0.0,0.0,0.013581372709096455,0.0,0.01889254125859907,0.6598580094208547,0.0023105431624866374,0.0,0.0
7622,7990465000.0,26205000.0,0.0,143000000.0,6306826000.0,0.0,0.0,0.0,0.0032795337943411305,0.0,0.01789633018854347,0.789293989774062,0.0,0.0,0.0
14770,17530215000.0,95258000.0,0.0,261546000.0,14054608000.0,0.0,0.0,0.0,0.005433932213609474,0.0,0.014919725742097288,0.8017362023226754,0.0,0.0,0.0
2174,26770712000.0,255812000.0,0.0,1295202000.0,17832306000.0,0.0,0.0,0.0,0.009555666655410584,0.0,0.04838130565970752,0.6661125038437529,0.0,0.0,0.0
12642,,,,,,,,,,,,,,,
14023,3885916000.0,17723000.0,0.0,120826000.0,3132647000.0,22498985.0,0.0,0.0,0.004560829415767093,0.0,0.03109331236187298,0.8061540702372362,0.005789879400378186,0.0,0.0
7821,5131774000.0,198890000.0,0.0,51812000.0,3875600000.0,0.0,0.0,0.0,0.0387565781345788,0.0,0.010096313672425949,0.7552164222352739,0.0,0.0,0.0
3947,210506052000.0,1949649000.0,0.0,4046408000.0,183067631000.0,782728234.0,0.0,0.0,0.009261724218741227,0.0,0.019222288202906394,0.8696549541483016,0.0037183170106672276,0.0,0.0
11569,590465636000.0,35739255000.0,39653000.0,9946519000.0,364219954000.0,2790778000.0,0.0,0.0,0.06052723955641002,6.715547456516165e-05,0.016845212309696544,0.616835141274843,0.004726402062795065,0.0,0.0
3405,1208257701590.42,80155494337.0,145467131506.0,1006510338.0,585245946191.0,34838572707.369995,0.0,0.0,0.06633973384278202,0.12039412727477158,0.0008330262134271012,0.4843717904058426,0.02883372699508744,0.0,0.0
697,1897856022362.0,124836585603.0,171713621856.0,2491916000.0,933678136803.0,72036792042.0,0.0,0.0,0.06577769026315974,0.09047768631167906,0.00131301635668793,0.49196468320129966,0.03795693202919878,0.0,0.0
989,1304883237921.0,62003290783.0,88336847546.0,7729008844.0,696844606783.9999,36808406697.0,0.0,0.0,0.047516351640616135,0.06769712797195734,0.0059231421014451936,0.5340283226369317,0.02820819949809827,0.0,0.0
2964,526831112669.0,64480007966.89,85396445584.66002,4986412000.0,277870716305.79,31461232255.649998,0.0,0.0,0.12239217923221214,0.1620945375682725,0.009464915567985612,0.5274379390732223,0.05971787067825778,0.0,0.0
1233,180604978000.0,553734000.0,9287819000.0,337189000.0,67861467000.0,24933298000.0,0.0,0.0,0.0030659952241183517,0.05142615171991549,0.0018669972651584388,0.3757452743079983,0.13805432317596472,0.0,0.0
13378,245679197500.0,19225591000.0,21392000.0,608440000.0,194206194000.0,2790778000.0,0.0,0.0,0.07825485916445979,8.707289920222082e-05,0.0024765629576757307,0.7904869275714725,0.01135943957973894,0.0,0.0
8678,55198048000.0,935679000.0,0.0,890263000.0,33785278000.0,0.0,0.0,0.0,0.016951305959225223,0.0,0.016128523240531985,0.6120737820293936,0.0,0.0,0.0
14431,636306156243.0001,50236413791.0,90845507546.0,7254575000.0,258601170515.0,36697398263.0,0.0,0.0,0.07895006719346453,0.14277012198402625,0.011401076241087847,0.406409977300679,0.05767254945272848,0.0,0.0
10564,1479206981536.0,63499847665.0,88336847546.0,9793594003.0,802994203414.0001,36808406697.0,0.0,0.0,0.04292830446153122,0.05971905801463398,0.006620840845971663,0.5428545250511024,0.024883878427059858,0.0,0.0
8233,141069850000.0,2000756000.0,2167636000.0,1331401000.0,34947016000.0,0.0,0.0,0.0,0.014182732880200838,0.015365692952817346,0.009437884849243123,0.2477284550880291,0.0,0.0,0.0
10128,112948588000.0,5836375000.0,42264000.0,1059945000.0,87491634000.0,2299600000.0,0.0,0.0,0.05167284605629598,0.00037418794469568756,0.009384313861453495,0.7746146769006089,0.020359705603402497,0.0,0.0
4442,72796270000.0,2018912000.0,0.0,3830718000.0,60156574000.0,1729000.0,0.0,0.0,0.02773372866494396,0.0,0.05262244892492431,0.8263689059892767,2.3751216923614356e-05,0.0,0.0
12787,3956299350.0,150483750.0,0.0,313738240.0,3457654500.0,40690090.0,0.0,0.0,0.0380364923599626,0.0,0.07930093560791855,0.8739617996802997,0.01028488655692851,0.0,0.0
9122,89289695640.0,3837541040.0,0.0,1830593940.0,78423163550.0,298232760.0,0.0,0.0,0.042978543184560465,0.0,0.020501737931559603,0.8783002673252253,0.003340057974913711,0.0,0.0
14549,73985008070.0,1948053790.0,0.0,5362487960.0,63277589200.0,74161130.0,0.0,0.0,0.02633038558510223,0.0,0.0724807376506109,0.8552758302077995,0.0010023805083569548,0.0,0.0
9883,107455180069.0,6596068994.0,0.0,1343685314.0,81083846807.0,0.0,0.0,0.0,0.06138437430158768,0.0,0.012504611812452241,0.754582950351335,0.0,0.0,0.0
8076,116284775840.27,5684374377.01,0.0,2558187567.71,81299722998.67,12126212.55,0.0,0.0,0.048883220833809894,0.0,0.021999333526032276,0.6991433092698579,0.00010428031066299422,0.0,0.0
6653,48523008900.003105,579365615.408942,0.0,105905916.0,5655250934.000131,45693648.0014101,0.0,0.0,0.011940018324150235,0.0,0.0021825916900217873,0.11654782055363777,0.0009416903245958264,0.0,0.0
3725,22896906684.0,153017060.0,0.0,412153994.0,17582467750.0,965.0,0.0,0.0,0.00668287040305431,0.0,0.018000422488859892,0.7678970785292301,4.2145430966634756e-08,0.0,0.0
14155,12563671698.0,62890870.0,0.0,67705040.0,8436410852.0,373386.0,0.0,0.0,0.005005771522190567,0.0,0.0053889532954588355,0.6714924629352568,2.9719496734337543e-05,0.0,0.0
10373,71272444021.0,46528421.0,0.0,431844000.0,30994873260.0,2377751000.0,0.0,0.0,0.0006528248278716341,0.0,0.006059059794171781,0.4348787765839424,0.03336143488077117,0.0,0.0
4260,534353324398.0,6630944113.0,3079500.0,8724763392.0,286324232261.0,5699131867.0,6.065435648877814,6.318429516716669,0.012409287657132836,5.76304078105877e-06,0.01632770489793299,0.535833163541317,0.010665474708930867,1.135098327630151e-11,1.1824441297965128e-11
1014,35618459044.0,264480773.0,0.0,1360157331.0,28561370720.0,1957895342.0,0.0,0.0,0.007425385041876266,0.0,0.03818686623471773,0.8018699148303334,0.05496855828550537,0.0,0.0
6855,872542230000.0,8405341000.0,11398991000.0,19905774000.0,524246942000.0,10361481000.0,5.526048982866995,5.982872661918037,0.009633162397194231,0.013064113813723377,0.022813536486365825,0.6008270132667389,0.01187504815669495,6.333273958404277e-12,6.856828765661047e-12
4273,4228830237.0,18486563.0,0.0,50913255.0,3184347812.0,1.0,0.0,0.0,0.004371554771400487,0.0,0.012039559912936747,0.7530091381154679,2.364720132888134e-10,0.0,0.0
6527,14165184398.0,95041160.0,0.0,767264365.0,10019106675.0,4168481.0,0.0,0.0,0.006709489783515913,0.0,0.054165504905699005,0.7073050652566591,0.0002942765080127409,0.0,0.0
11341,28813339642.0,194288831.0,0.0,1846816830.0,20021321747.0,17626358.0,0.0,0.0,0.00674301672121316,0.0,0.06409589630866575,0.6948629348683953,0.0006117429711031065,0.0,0.0
3770,4656816205.0,30418822.0,0.0,16667192.0,3148466942.0,82829919.0,0.0,0.0,0.006532107057894933,0.0,0.003579095945874892,0.6760986054419555,0.017786812997057075,0.0,0.0
8198,183572274917.0,1006245722.0,3722187222.0,12484206649.0,123012777392.0,5162435226.0,10.332546655847684,11.742642377437658,0.005481468933448485,0.020276412784462915,0.06800703785277262,0.6701054254931402,0.02812208558364346,5.6285986870944545e-11,6.396740674890559e-11
10394,8345965378.0,24392.0,0.0,11085120.0,7748467115.0,0.0,0.0,0.0,2.9226097755326683e-06,0.0,0.0013282010525972733,0.9284087297348479,0.0,0.0,0.0
12585,60651725377.0,450764211.0,0.0,1443925305.0,44240191753.0,422702513.0,0.0,0.0,0.007432009694664617,0.0,0.02380682983088816,0.7294135736124748,0.0069693402845930385,0.0,0.0
11300,4014501906.0,20876142.0,0.0,95000000.0,3418260986.0,15.0,0.0,0.0,0.005200182361054283,0.0,0.023664205977338003,0.8514782321789736,3.736453575369158e-09,0.0,0.0
8664,32500718257.0,329393710.0,0.0,2576863268.0,19491165513.0,4947210.0,0.0,0.0,0.010134967091967428,0.0,0.07928634830847148,0.5997149158019607,0.0001522184820926064,0.0,0.0
12228,6459766678.0,33304310.0,0.0,174660000.0,3822642643.0,0.0,0.0,0.0,0.005155652155893547,0.0,0.027038128264731114,0.591761720437792,0.0,0.0,0.0
13307,6142119964.0,80450347.0,0.0,115677077.0,5239361772.0,395700.0,0.0,0.0,0.013098139969836643,0.0,0.01883341218960275,0.8530217258387629,6.442401032856154e-05,0.0,0.0
7556,8457020192.0,58597043.0,0.0,311850000.0,5727268028.0,34411230.0,0.0,0.0,0.006928804906417327,0.0,0.03687469024787212,0.6772205691808285,0.004068954456624289,0.0,0.0
13225,12320405401.0,75979451.0,0.0,231335396.0,6472536372.0,21620.0,0.0,0.0,0.006166960300984336,0.0,0.01877660583970909,0.5253509248546845,1.7548123861447926e-06,0.0,0.0
7724,52203446773.0,285002271.0,0.0,876762247.0,33116642878.0,6957.0,0.0,0.0,0.005459453132267221,0.0,0.016795102645472595,0.634376557969505,1.332670624269624e-07,0.0,0.0
6793,80318426973.0,617751945.0,0.0,2076940000.0,62326759896.0,3707255.0,0.0,0.0,0.007691285403381527,0.0,0.02585882316517713,0.7759957738832695,4.615696720811325e-05,0.0,0.0
10941,6745175078.04,622386718.74,0.0,299633611.5,5741185626.54,57456553.32,0.0,0.0,0.09227139570717444,0.0,0.04442191759788494,0.8511544266999609,0.008518170789526136,0.0,0.0
431,1614861747.9,147494487.78,0.0,78197400.0,1484446441.14,17836537.32,0.0,0.0,0.09133567500239875,0.0,0.048423588026460795,0.9192405746624472,0.011045241082213388,0.0,0.0
13784,244758151.62,56908881.9,0.0,19947577.5,215593417.62,0.0,0.0,0.0,0.23251067032224548,0.0,0.08149913442298613,0.8808426448436341,0.0,0.0,0.0
2800,6290468025.949955,1597618164.967563,1901645.041705283,475000000.0000001,5064462175.625581,186028730.3058388,0.0,0.0,0.25397445124542994,0.00030230581156449107,0.07551107454015998,0.8051010123147031,0.029573114359443178,0.0,0.0
11011,20284782493.0,1346298565.0,0.0,141224090.0,15453358082.0,9060975.0,0.0,0.0,0.06636987926612421,0.0,0.006962070707375566,0.7618202505909414,0.000446688299621986,0.0,0.0
4639,42167077370.0,1330295872.0,68908000.0,713128000.0,30370957475.0,17186184.0,0.0,0.0,0.03154821142397804,0.0016341659014059385,0.0169119617597059,0.7202528458044756,0.00040757351639995816,0.0,0.0
11927,14206166038.33,786893420.22,0.0,104784085.0,12548294813.66,4944.99,0.0,0.0,0.05539097727682922,0.0,0.007375958067593996,0.8832991800745635,3.4808758300148e-07,0.0,0.0
6739,12446071147.0,1360447817.0,0.0,187200817.0,8140816094.0,327877274.0,0.0,0.0,0.10930741122494084,0.0,0.015040956683356487,0.6540872214090035,0.02634383735457205,0.0,0.0
3713,13994504193.0,1333360400.0,0.0,83400000.0,12113188923.0,0.0,0.0,0.0,0.09527743045494545,0.0,0.0059594822974661996,0.8655675653774839,0.0,0.0,0.0
2913,63573159411.0,2328732278.0,23638420000.0,1389042707.0,31808314357.0,0.0,0.0,0.0,0.03663074636490477,0.37183019090144304,0.021849515107780774,0.50034188408601,0.0,0.0,0.0
9660,86227344961.81,604263828.74,1606349437.33,3971922084.38,77379578633.22,0.0,0.0,0.0,0.007007798152751054,0.018629234589577708,0.04606336987575299,0.897390249780871,0.0,0.0,0.0
10414,16683667938.65,770774286.85,0.0,205000000.0,12150624102.86,0.0,0.0,0.0,0.04619933036813781,0.0,0.012287465847068885,0.7282945301681183,0.0,0.0,0.0
9732,14798507711.0,1549431853.0,3799827399.0,116554819.0,9612020668.0,23435673.0,0.0,0.0,0.10470189854672164,0.2567709848321746,0.007876119759924352,0.64952634790704,0.0015836510989942479,0.0,0.0
13196,2758711962.0,245224474.0,0.0,37000000.0,2263574542.0,0.0,0.0,0.0,0.08889093075966442,0.0,0.013412056245689342,0.8205186236112025,0.0,0.0,0.0
11617,2619031036.0,332748707.0,0.0,180694000.0,2287794911.0,0.0,0.0,0.0,0.12705031075469853,0.0,0.0689926913871058,0.8735272242111758,0.0,0.0,0.0
7047,33063754671.0,2736938299.0,0.0,1850031000.0,23592157909.0,336938249.0,0.0,0.0,0.08277760122024345,0.0,0.055953445650945684,0.7135353544614982,0.010190562213901445,0.0,0.0
13631,3481678660.0,1655304747.0,0.0,160843114.0,3066464644.0,0.0,0.0,0.0,0.4754329473358119,0.0,0.04619700141999894,0.880743153935981,0.0,0.0,0.0
8138,5071526692.0,1108817892.0,21585.0,942856206.0,3826321429.0,88135482.0,0.0,0.0,0.21863591761216347,4.256114836987631e-06,0.18591171125793218,0.7544713182789259,0.017378491202467282,0.0,0.0
12717,153170873.0,37858056.0,0.0,27920130.0,139553080.0,0.0,0.0,0.0,0.24716223952056474,0.0,0.18228093535772955,0.9110941086037944,0.0,0.0,0.0
8057,530960513.0,294723174.0,0.0,29496389.0,475171272.0,29291.0,0.0,0.0,0.5550755033265534,0.0,0.05555288628403145,0.8949277024673961,5.5166060908186596e-05,0.0,0.0
4319,3594222231.0,828371961.0,0.0,145283257.0,3076127795.0,0.0,0.0,0.0,0.23047321722494793,0.0,0.040421333925025185,0.8558535330588466,0.0,0.0,0.0
4775,250296982.0,89996676.0,0.0,15650816.0,220811679.0,0.0,0.0,0.0,0.35955957311542813,0.0,0.06252898406901286,0.8821987274301214,0.0,0.0,0.0
993,665002876.0,285598656.0,0.0,49942796.0,557913691.0,33223527.0,0.0,0.0,0.4294698057817121,0.0,0.07510162407177319,0.8389643280279588,0.0499599749099431,0.0,0.0
14849,2833493331.0,572843044.0,0.0,146555796.0,2619734929.0,4912484.0,0.0,0.0,0.20216848147577307,0.0,0.05172265429270566,0.9245601181900223,0.0017337199795936277,0.0,0.0
6737,678667227.0,253218724.0,188979.0,80349557.0,612631112.0,0.0,0.0,0.0,0.373111760706842,0.0002784560569328921,0.11839315912627678,0.9026973568594023,0.0,0.0,0.0
6249,1160550752.4357097,185030039.4440182,0.0,111693267.438,985551885.4792128,42947107.910429,0.0,0.0,0.1594329580638208,0.0,0.09624160529264522,0.8492105006272087,0.037005799031445734,0.0,0.0
14619,,,,,,,,,,,,,,,
9033,,,,,,,,,,,,,,,
2605,8719310000.0,563128000.0,0.0,371500000.0,6589156000.0,8009000.0,0.0,0.0,0.06458400951451433,0.0,0.04260658240158911,0.7556969530845904,0.0009185359850722133,0.0,0.0
11641,844847132000.0,15220055000.0,53197269000.0,925340000.0,556975999000.0,15661818000.0,0.0,0.0,0.018015158510356403,0.0629667391709865,0.0010952750680581112,0.6592624605133891,0.01853804955569169,0.0,0.0
2817,22892785000.0,474361000.0,7354599000.0,1407703000.0,11292198000.0,0.0,0.0,0.0,0.02072098261526503,0.3212627471930567,0.061491120455637004,0.493264493594816,0.0,0.0,0.0
8718,17259438000.0,1156986000.0,0.0,41017000.0,11489521000.0,0.0,0.0,0.0,0.0670349752987322,0.0,0.002376496847695736,0.665694966429382,0.0,0.0,0.0
8298,38374515741.0,2273042538.0,0.0,1293063325.0,30779573879.0,299284713.0,0.0,0.0,0.059233126310736524,0.0,0.03369588645045672,0.8020837080196577,0.00779904859308072,0.0,0.0
7335,76732841863.19,2500323423.41,0.0,3706690253.08,60950017095.53,485801237.04,0.0,0.0,0.03258478850383158,0.0,0.048306437805194335,0.7943146065696378,0.006331073178628704,0.0,0.0
7317,22473473851.62,463122210.61,5309388.31,1700000000.0,17881701511.703896,0.0,0.0,0.0,0.020607504370162864,0.00023625133991544758,0.07564473615535212,0.7956803487421191,0.0,0.0,0.0
8403,4441418696.02,50590739.7,0.0,326269000.0,1907304313.2,726940451.26,0.0,0.0,0.011390671126173011,0.0,0.0734605364480437,0.4294358275451838,0.16367302905069916,0.0,0.0
3466,2226346652.93,49100894.29,0.0,150000000.01,1512385253.41,91080.82,0.0,0.0,0.022054469471490618,0.0,0.06737495250912134,0.6793125641146739,4.091043947721817e-05,0.0,0.0
6465,60291333699.53,3208404000.0,0.0,4900000000.0,39990227999.45,51557000.0,0.0,0.0,0.053215011231788546,0.0,0.08127204523986502,0.6632831875762891,0.0008551311911085144,0.0,0.0
776,870097181.38,35826565.36,0.0,66592947.0,668668305.11,0.0,0.0,0.0,0.04117536078346789,0.0,0.07653506806490466,0.7684984153718004,0.0,0.0,0.0
12613,896979000.0,78053000.0,19000.0,15786000.0,759042000.0,124000.0,0.0,0.0,0.0870176447832112,2.11822127385368e-05,0.017599074225817996,0.8462204800781289,0.00013824180945150332,0.0,0.0
4294,11901899000.0,1128449000.0,0.0,200000000.0,9925674000.0,80685000.0,0.0,0.0,0.09481251689331258,0.0,0.01680404110302062,0.8339571693559154,0.0067791702819860935,0.0,0.0
5143,4369010000.0,422264000.0,0.0,150000000.0,3491962000.0,0.0,0.0,0.0,0.09664981311555707,0.0,0.034332720685006445,0.7992570399243765,0.0,0.0,0.0
1109,12945282674.41,408119497.22,0.0,212000000.0,10407204110.15,0.0,0.0,0.0,0.03152650332053106,0.0,0.016376621919510323,0.8039379573165113,0.0,0.0,0.0
8590,562346000.0,11904000.0,0.0,130000000.0,247054000.0,0.0,0.0,0.0,0.02116846212118518,0.0,0.23117440152503974,0.43932738918743974,0.0,0.0,0.0
537,9681224000.0,444164000.0,0.0,56873000.0,7763902000.0,48902000.0,0.0,0.0,0.0458789095263161,0.0,0.005874567100193116,0.8019545875604159,0.005051220796048103,0.0,0.0
5969,11698955000.0,424918000.0,0.0,430819000.0,8603019000.0,50000.0,0.0,0.0,0.03632102183485619,0.0,0.03682542586068585,0.7353664493965487,4.2738860009291425e-06,0.0,0.0
2940,2639959000.0,13032000.0,0.0,66500000.0,2359827000.0,0.0,0.0,0.0,0.004936440300777398,0.0,0.0251897851443905,0.8938877459839338,0.0,0.0,0.0
409,4208433000.0,366894000.0,0.0,366305000.0,3583541000.0,1111000.0,0.0,0.0,0.08718066795883408,0.0,0.0870407108774216,0.8515143284923391,0.00026399374779163647,0.0,0.0
158,383116000.0,1219000.0,0.0,16597000.0,339107000.0,0.0,0.0,0.0,0.003181803944497228,0.0,0.043321082909614846,0.8851287860595747,0.0,0.0,0.0
9004,6799476000.0,228782000.0,34133000.0,248004000.0,5130407000.0,59823000.0,22.97711040644897,26.919253892358764,0.033647004563292816,0.005019945654635739,0.0364739871131246,0.7545297608227457,0.008798177977244128,3.3792472252933855e-09,3.95901888503743e-09
