,repo transactions maturity av. network,repo transactions notional av. network,number repo transactions av. network
2016-03-29,,,
2016-03-30,0.0,5207693.488372093,43.0
2016-03-31,0.0,0.0,0.0
2016-04-01,0.0,0.0,0.0
2016-04-02,0.0,3913803.9215686275,51.0
2016-04-03,0.0,8370678.886956523,46.0
2016-04-04,0.0,0.0,0.0
2016-04-05,0.0,0.0,0.0
2016-04-06,0.0,6629510.0,3.0
2016-04-07,0.0,5502087.476279071,43.0
2016-04-08,0.0,6190000.0,2.0
2016-04-09,0.0,0.0,0.0
2016-04-10,0.0,0.0,0.0
2016-04-11,0.0,9981213.563760685,2340.0
2016-04-12,0.0,36126207.96875,8.0
2016-04-13,0.0,139115333.33333334,3.0
2016-04-14,0.0,254750000.0,1.0
2016-04-15,0.0,3628540.7407407407,27.0
2016-04-16,0.0,93004000.0,5.0
2016-04-17,0.0,0.0,0.0
2016-04-18,0.0,3366000.0,1.0
2016-04-19,0.0,0.0,0.0
2016-04-20,0.0,0.0,0.0
2016-04-21,0.0,0.0,0.0
2016-04-22,0.0,4881000.0,4.0
2016-04-23,0.0,2025000.0,1.0
2016-04-24,0.0,993000.0,1.0
2016-04-25,0.0,2891943.714285714,21.0
2016-04-26,0.0,117482500.0,2.0
2016-04-27,0.0,3014400.0,1.0
2016-04-28,0.0,0.0,0.0
2016-04-29,0.0,0.0,0.0
2016-04-30,0.0,17827500.0,1.0
2016-05-01,0.0,2528750.0,1.0
2016-05-02,0.0,1034000.0,1.0
2016-05-03,0.0,50907380.0,3.0
2016-05-04,0.0,100035359.0,2.0
2016-05-05,0.0,34197000.0,2.0
2016-05-06,0.0,63257781.92,5.0
2016-05-07,0.0,99999909.25,1.0
2016-05-08,0.0,778450.0,2.0
2016-05-09,0.0,0.0,0.0
2016-05-10,0.0,5180000.0,19.0
2016-05-11,0.0,50007618.0,4.0
2016-05-12,0.0,3503475.0,4.0
2016-05-13,1.0,167795257.33333334,3.0
2016-05-14,0.0,1679728.0,5.0
2016-05-15,0.0,4247070.905731707,82.0
2016-05-16,0.0,1819004.9541284405,109.0
2016-05-17,2.0,6737848.28125,32.0
2016-05-18,3.0,875358.8888888889,9.0
2016-05-19,3.0,7463125.41625,8.0
2016-05-20,0.0,892128.0235294118,68.0
2016-05-21,0.0,2043974.3631578947,95.0
2016-05-22,0.0,7750958.303030303,33.0
2016-05-23,0.0,7834445.2105263155,19.0
2016-05-24,0.0,26745935.29411765,17.0
2016-05-25,0.0,1988755.1044444442,18.0
2016-05-26,0.0,41364281.04651163,43.0
2016-05-27,,17537576.164352443,471.0
2016-05-28,,45062736.07483334,120.0
2016-05-29,1.5492630220608516,23256698.046466168,266.0
2016-05-30,2.0513102089632196,17712342.42072046,347.0
2016-05-31,1.5401353651426342,8742628.592546046,923.0
2016-06-01,1.6248395507737678,13254162.913315218,368.0
2016-06-02,1.6114004913091795,16751682.581646489,413.0
2016-06-03,1.560057123304724,18376665.778878506,321.0
2016-06-04,2.3850790117067344,22190630.91890566,265.0
2016-06-05,2.9738923274629587,15006659.12521739,69.0
2016-06-06,2.524825433370796,4347191.18343542,1502.0
2016-06-07,2.0086862160849215,12311789.026740666,991.0
2016-06-08,,20208901.00169355,248.0
2016-06-09,,6926991.1520888535,1283.0
2016-06-10,2.0410906059970397,7483073.154155751,1374.0
2016-06-11,,12013296.2233237,346.0
2016-06-12,2.406897681700431,19085768.963095237,294.0
2016-06-13,,14957540.45408638,301.0
2016-06-14,,14129473.289921053,380.0
2016-06-15,5.653324199181299,61272925.15037162,296.0
2016-06-16,8.353052103756912,6897571.164494494,999.0
2016-06-17,2.868925012040841,14426630.963370372,270.0
2016-06-18,2.4317448201246887,20852466.876901962,1020.0
2016-06-19,6.416206665092806,16147393.281768361,1770.0
2016-06-20,,75527817.81190184,326.0
2016-06-21,,155586799.48553905,269.0
2016-06-22,,423239196.2074546,275.0
2016-06-23,,73690038.69096045,531.0
2016-06-24,,76643414.4025187,401.0
2016-06-25,,210964320.62764978,434.0
2016-06-26,,87395303.24265508,403.0
2016-06-27,,21855157.285031848,314.0
2016-06-28,,39707592.02180095,211.0
2016-06-29,,9877979.889665024,1015.0
2016-06-30,2.8989976645507984,7613522.364807792,1951.0
2016-07-01,,6517685.59105102,980.0
2016-07-02,,13039820.600519741,2001.0
2016-07-03,,50697453.81606335,442.0
2016-07-04,,26614499.702043146,788.0
2016-07-05,,25653687.53169666,389.0
2016-07-06,,19794094.32951846,623.0
2016-07-07,,28040801.7771298,547.0
2016-07-08,,98466395.598308,526.0
2016-07-09,,129446640.25131878,1145.0
2016-07-10,,43100045.27406154,650.0
2016-07-11,,124456032.06235798,933.0
2016-07-12,,19863530.490755398,556.0
2016-07-13,2.9824445881483372,15802766.069857514,772.0
2016-07-14,,16792626.227643788,539.0
2016-07-15,,18335231.336327486,855.0
2016-07-16,,8430575.893764704,935.0
2016-07-17,,16233836.237758622,812.0
2016-07-18,,14638352.33593807,1098.0
2016-07-19,,23209743.149799764,849.0
2016-07-20,,13560426.062425328,837.0
2016-07-21,,17506205.062228683,1032.0
2016-07-22,,16468209.939694019,719.0
2016-07-23,,12023154.562829789,940.0
2016-07-24,,12205232.824809264,734.0
2016-07-25,,14869113.657614427,721.0
2016-07-26,3.0916983727463037,12789596.61066184,967.0
2016-07-27,,15328970.27252976,672.0
2016-07-28,,22700554.328463443,807.0
2016-07-29,,18924444.684726194,840.0
2016-07-30,,18173664.46545373,1113.0
2016-07-31,,14632123.835679945,1456.0
2016-08-01,,10170150.139736842,1102.0
2016-08-02,,11979336.706119731,1353.0
2016-08-03,,10968442.659718182,1100.0
2016-08-04,,12926970.765528847,1248.0
2016-08-05,,11414824.54520548,949.0
2016-08-06,,15956315.852493549,1163.0
2016-08-07,,16817570.9207479,1190.0
2016-08-08,,17695545.87618454,1203.0
2016-08-09,,14855132.978246294,1551.0
2016-08-10,,17289946.623015597,1154.0
2016-08-11,,20586156.780571427,980.0
2016-08-12,,18141887.794157065,955.0
2016-08-13,,23763950.12273684,950.0
2016-08-14,,20591884.96743132,728.0
2016-08-15,,28805853.894927885,832.0
2016-08-16,,11986180.924750319,781.0
2016-08-17,,15814084.780912241,866.0
2016-08-18,,12100586.955708956,1072.0
2016-08-19,,12618854.801769465,989.0
2016-08-20,,10931640.335912963,1057.0
2016-08-21,,17642193.940436333,1123.0
2016-08-22,,15954381.918221734,911.0
2016-08-23,,9028241.602097826,920.0
2016-08-24,,10278568.788063008,857.0
2016-08-25,7.144258489795634,9846328.37584927,889.0
2016-08-26,,13474374.03167991,881.0
2016-08-27,3.438704662124054,12401093.256321961,938.0
2016-08-28,6.192193234165411,12360132.380106382,1034.0
2016-08-29,5.091762742862282,10464984.582735328,903.0
2016-08-30,48.388979768560716,10932107.952808218,876.0
2016-08-31,,8578139.095042905,1515.0
2016-09-01,15.313098275143217,10353079.807123948,1662.0
2016-09-02,,9208161.262567017,1231.0
2016-09-03,,7256639.0909705255,1391.0
2016-09-04,,10877692.388851676,1254.0
2016-09-05,,9370458.883011196,1697.0
2016-09-06,2.51433126273927,9183645.530774489,1317.0
2016-09-07,6.5756440510051215,9291007.57946006,1352.0
2016-09-08,11.163559721007108,11327735.199281853,1295.0
2016-09-09,,11003149.079985052,1338.0
2016-09-10,,10032543.504343973,1128.0
2016-09-11,14.539280037674093,18228292.97536585,1353.0
2016-09-12,8.562210216223585,11249491.957557106,1576.0
2016-09-13,8.968792576580542,13100739.91750946,1321.0
2016-09-14,,9443713.40523429,1878.0
2016-09-15,,8190876.9092,1250.0
2016-09-16,,9840174.938759234,1354.0
2016-09-17,6.945236997068036,9641406.235056,1250.0
2016-09-18,7.718570764785421,10581425.243850932,1771.0
2016-09-19,,11452178.977694174,1236.0
2016-09-20,14.765305108651052,9017575.318794163,1302.0
2016-09-21,7.977908428003879,13660175.403657695,1449.0
2016-09-22,,9908297.516396053,1318.0
2016-09-23,8.842096554797727,11297649.217364643,1533.0
2016-09-24,15.712589035172117,15846480.018564327,1609.0
2016-09-25,10.301696450802499,9009977.261497227,1623.0
2016-09-26,12.859451421349247,12960392.057386896,1282.0
2016-09-27,8.511567601040927,14471879.02243671,1264.0
2016-09-28,9.016063207574927,9052625.881642554,1175.0
2016-09-29,6.871949335671474,7577489.549869331,1301.0
2016-09-30,13.357157602149865,7617101.490118257,1353.0
2016-10-01,4.613813458987107,10434204.097634163,1323.0
2016-10-02,7.528499098856641,12565253.556698883,1345.0
2016-10-03,13.793133401311438,12691730.506758284,1419.0
2016-10-04,18.93488418206558,9627528.98830217,1337.0
2016-10-05,10.188612328726238,8038232.635077933,1219.0
2016-10-06,6.067284444331682,9782053.000271399,1437.0
2016-10-07,,7682024.433309581,1263.0
2016-10-08,,8867463.279625382,1308.0
2016-10-09,,8930041.508275863,1363.0
2016-10-10,9.59490919178079,6259922.932114569,1414.0
2016-10-11,8.917719741511075,7503383.186662059,1447.0
2016-10-12,,6286198.495590609,1363.0
2016-10-13,,7338964.76538678,1422.0
2016-10-14,,6679629.1534674475,1367.0
2016-10-15,16.471410381631802,9174516.162396345,1423.0
2016-10-16,6.849536119394723,8164146.281304348,1449.0
2016-10-17,4.967748148670292,7396250.465569462,1598.0
2016-10-18,18.84679688446435,8019339.789156779,1601.0
2016-10-19,16.305727531352808,8077175.607344708,1465.0
2016-10-20,17.18038612670105,8481652.05410628,1449.0
2016-10-21,8.190948565549736,10069709.077746298,1553.0
2016-10-22,,8896966.045918088,1465.0
2016-10-23,5.508508431565698,10638184.660804048,1679.0
2016-10-24,8.676258851958215,10838415.818619272,1702.0
2016-10-25,22.659727329341578,8958553.458815333,1722.0
2016-10-26,22.506816508136332,7843272.505920338,1657.0
2016-10-27,4.696478133356501,11009417.56484726,1735.0
2016-10-28,10.957945754570094,7267726.780488722,1596.0
2016-10-29,8.13057720186333,6435180.671184555,1528.0
2016-10-30,12.077650689541183,7942316.458051492,1709.0
2016-10-31,7.14672599153165,8671229.457078272,1482.0
2016-11-01,17.28896315318584,8144973.131917461,1575.0
2016-11-02,10.660946507167369,6765666.719227918,1619.0
2016-11-03,,9912985.149122095,1720.0
2016-11-04,,8356724.91815759,1726.0
2016-11-05,,10862844.562080896,1879.0
2016-11-06,13.424067566232043,9404974.748204134,1548.0
2016-11-07,8.915826994108484,8866161.23228005,1614.0
2016-11-08,,8311881.072173123,1652.0
2016-11-09,12.490986287127091,11535249.342962528,1708.0
2016-11-10,6.854964342417582,6723154.380584652,1642.0
2016-11-11,11.661899571885174,8730673.111387176,1622.0
2016-11-12,12.022593421234404,7157937.408770685,1692.0
2016-11-13,,7411947.467890081,1583.0
2016-11-14,20.880279208653608,10176121.888104139,1498.0
2016-11-15,,9174079.17234307,1609.0
2016-11-16,16.725110817462266,9104043.869195476,1591.0
2016-11-17,,10925165.155747836,1618.0
2016-11-18,10.587106951073897,10349602.909477968,1475.0
2016-11-19,,11289970.51436842,1520.0
2016-11-20,7.246066455443991,7985864.233643351,1301.0
2016-11-21,9.408110922645536,11289944.37813313,1307.0
2016-11-22,16.287468143405505,5750385.073340995,1305.0
2016-11-23,12.156374637462543,8830928.010970207,1309.0
2016-11-24,,9607951.97772451,1481.0
2016-11-25,,11416421.139860427,1218.0
2016-11-26,15.455145456092174,12145407.858945606,1195.0
2016-11-27,,21064743.082540575,1602.0
2016-11-28,9.40024143914589,9181210.438688846,1022.0
2016-11-29,,13326273.793406796,1089.0
2016-11-30,,9156587.473460076,1052.0
2016-12-01,18.535586032588988,9091575.322357345,1069.0
2016-12-02,6.540197820529986,7066970.578728261,920.0
2016-12-03,,4696273.677088524,1525.0
2016-12-04,,4070805.4273855756,1442.0
2016-12-05,,11539650.2710549,929.0
2016-12-06,16.234472501372387,12770690.151548529,917.0
2016-12-07,,8751035.403577235,984.0
2016-12-08,8.38769718272908,14509139.37312321,1047.0
2016-12-09,2.9700342222202902,11016660.179904927,1157.0
2016-12-10,,12243466.866981464,1133.0
2016-12-11,,16590730.762369039,1279.0
2016-12-12,,8741244.377286615,1113.0
2016-12-13,,9601684.057782609,1150.0
2016-12-14,8.248796504111539,10537017.32925479,1409.0
2016-12-15,,11098754.867967952,1373.0
2016-12-16,,9159217.187758131,1414.0
2016-12-17,,8179180.0224277815,1627.0
2016-12-18,,7092974.324910769,1625.0
2016-12-19,,7272538.46511309,1459.0
2016-12-20,,9335723.004182182,1504.0
2016-12-21,,8789446.802811615,1412.0
2016-12-22,,9285416.986598501,1467.0
2016-12-23,,7771170.526342975,1452.0
2016-12-24,,8103340.227315203,1434.0
2016-12-25,,6628303.132038303,1462.0
2016-12-26,,8675553.62632258,1550.0
2016-12-27,,9883752.169421053,1520.0
2016-12-28,9.025612104886013,9690645.802509481,1582.0
2016-12-29,,11309315.44306765,1493.0
2016-12-30,4.244161536435037,10138277.774250805,1555.0
2016-12-31,10.008446005456696,11095831.845673492,1611.0
2017-01-01,,8482247.55836035,1604.0
2017-01-02,,7942500.712291399,1558.0
2017-01-03,5.292482123499392,8847766.907359589,1549.0
2017-01-04,5.744026453295577,8103321.829777623,1439.0
2017-01-05,,7655996.546677719,1508.0
2017-01-06,,6814903.275108468,1429.0
2017-01-07,14.145370093957098,8203082.867612712,1353.0
2017-01-08,8.026559300273325,6909591.291117129,1477.0
2017-01-09,,6750251.6471546395,1455.0
2017-01-10,,9201519.797532005,1406.0
2017-01-11,10.77416864452577,8868468.550364656,1426.0
2017-01-12,12.526180107522297,11233770.017518848,1459.0
2017-01-13,7.226149999161144,9957520.53368736,1337.0
2017-01-14,,8896821.202809429,1527.0
2017-01-15,7.503479127193208,9060523.886552181,1514.0
2017-01-16,13.859601495244883,9928735.928791722,1498.0
2017-01-17,,8261506.746373762,1616.0
2017-01-18,14.685301895078526,10304914.664627373,1476.0
2017-01-19,14.572708848248627,10782413.103605486,1531.0
2017-01-20,,11339947.071102513,1551.0
2017-01-21,,11816128.26825269,1116.0
2017-01-22,,12690613.151312595,1318.0
2017-01-23,,13861697.164323144,1145.0
2017-01-24,,20012579.797025997,1577.0
2017-01-25,,13462151.451055048,1090.0
2017-01-26,,11318063.265496181,1179.0
2017-01-27,,14489559.207232142,1120.0
2017-01-28,,10588282.612916667,1368.0
2017-01-29,12.170992573665153,10378203.196517544,1140.0
2017-01-30,9.302419537440247,16264419.402864583,960.0
2017-01-31,,15006307.904935401,1161.0
2017-02-01,24.010085239877093,11879959.243895704,978.0
2017-02-02,,12124963.572679803,1015.0
2017-02-03,,12672953.388198925,1116.0
2017-02-04,,11553981.88103753,906.0
2017-02-05,4.417132732287178,11827284.895194804,924.0
2017-02-06,,8714856.635022124,904.0
2017-02-07,,9614888.273912568,915.0
2017-02-08,11.952061073194269,6442840.00524403,963.0
2017-02-09,,11913297.732997948,974.0
2017-02-10,,12184068.93476492,1106.0
2017-02-11,15.445935646004314,13340023.175916921,987.0
2017-02-12,,10588501.504084995,1153.0
2017-02-13,,9752509.225846479,951.0
2017-02-14,,7853200.6350300005,1000.0
2017-02-15,14.20353666019399,9270586.59925544,873.0
2017-02-16,21.130574521356678,14477237.320087548,1028.0
2017-02-17,,12767707.2904371,938.0
2017-02-18,,12641195.301872017,1047.0
2017-02-19,,7411220.708386385,3173.0
2017-02-20,,7633213.421472501,3382.0
2017-02-21,,11419141.491186613,986.0
2017-02-22,,11366151.229488188,1016.0
2017-02-23,,10305965.894629467,1147.0
2017-02-24,,9947668.877368985,935.0
2017-02-25,,12058376.569466667,1200.0
2017-02-26,,11864286.37210167,1318.0
2017-02-27,,12114366.648114674,1029.0
2017-02-28,,9179540.488454545,2090.0
2017-03-01,,8754663.285260087,2057.0
2017-03-02,,11015596.701291513,1084.0
2017-03-03,,6905380.547557252,1048.0
2017-03-04,,13153786.18164696,1184.0
2017-03-05,,7742532.481023569,1485.0
2017-03-06,,12448444.47313811,1144.0
2017-03-07,,9191641.157460734,1146.0
2017-03-08,,9505778.597192643,1033.0
2017-03-09,,9254743.330571696,1067.0
2017-03-10,,9249544.927737374,990.0
2017-03-11,,9765191.612360986,1097.0
2017-03-12,,11077915.810557738,1273.0
2017-03-13,,9429038.969275486,1187.0
2017-03-14,,11410101.991292575,1145.0
2017-03-15,,7943665.994909718,1163.0
2017-03-16,,10743578.675542358,1263.0
2017-03-17,,8314930.145017824,1122.0
2017-03-18,,7425566.128234713,1014.0
2017-03-19,,10804827.511421755,1048.0
2017-03-20,12.64715103400854,8510771.724135337,1064.0
2017-03-21,,11005178.13600844,1185.0
2017-03-22,,11079108.57386617,1076.0
2017-03-23,,11249143.284925109,1135.0
2017-03-24,,8704703.830383277,1148.0
2017-03-25,,6740612.7743072575,1061.0
2017-03-26,,9489858.033108948,1129.0
2017-03-27,,10203059.553603133,1149.0
2017-03-28,,6602850.231546099,1410.0
2017-03-29,,8812677.257495575,1130.0
2017-03-30,,8652018.894833198,1229.0
2017-03-31,,8484926.491247788,1130.0
2017-04-01,,9878615.711921599,1301.0
2017-04-02,,8524859.175781948,1119.0
2017-04-03,,7338598.337217099,1193.0
2017-04-04,,6754434.50546729,1070.0
2017-04-05,,7485177.61656051,1099.0
2017-04-06,,9155342.352079002,962.0
2017-04-07,,7266408.770009158,1092.0
2017-04-08,,6415632.38110999,991.0
2017-04-09,,5895843.1924254475,1006.0
2017-04-10,,9889474.8027163,994.0
2017-04-11,,6901860.740883813,1007.0
2017-04-12,,8315100.7792772185,1093.0
2017-04-13,,10788843.744416848,926.0
2017-04-14,14.161821688248773,12636199.369299145,1170.0
2017-04-15,,10331118.398238994,1113.0
2017-04-16,,7595109.439527972,1144.0
2017-04-17,,8265860.99007435,1076.0
2017-04-18,,9204952.475028956,1036.0
2017-04-19,,10765155.81767945,1017.0
2017-04-20,,9753887.08988372,1032.0
2017-04-21,,9198196.664980315,1016.0
2017-04-22,,9623431.306160714,1008.0
2017-04-23,,9307435.616002025,988.0
2017-04-24,29.3664550211154,9534987.82572165,970.0
2017-04-25,,10477579.144234974,1098.0
2017-04-26,,12152682.017099338,755.0
2017-04-27,,10285754.385565326,796.0
2017-04-28,,17355366.93039627,858.0
2017-04-29,,12554147.245531062,998.0
2017-04-30,6.1319609512462305,12999790.944986302,730.0
2017-05-01,,12345720.694247892,831.0
2017-05-02,,12189547.36819693,782.0
2017-05-03,,11921370.483400213,947.0
2017-05-04,17.31472677759289,11566967.040126583,948.0
2017-05-05,,11735400.84263676,914.0
2017-05-06,,13115283.428438818,948.0
2017-05-07,10.113507726621021,13870367.524962965,810.0
2017-05-08,9.090969331119695,10162509.91703878,851.0
2017-05-09,,11636025.994033705,890.0
2017-05-10,,10084219.846063694,785.0
2017-05-11,,11187468.40988778,802.0
2017-05-12,,9293122.014764268,806.0
2017-05-13,,8958726.419133574,831.0
2017-05-14,15.193827615193099,8910789.29479798,792.0
2017-05-15,10.523357704721269,9224153.912891395,709.0
2017-05-16,,10613206.834705174,831.0
2017-05-17,,10453224.28237288,826.0
2017-05-18,4.834999220291422,10576373.37756827,769.0
2017-05-19,,9313148.076295547,988.0
2017-05-20,,10265718.832521552,928.0
2017-05-21,,8650608.290985478,964.0
2017-05-22,5.484112809091651,10787461.179954233,874.0
2017-05-23,,8486310.206923926,907.0
2017-05-24,,9629000.91587583,902.0
2017-05-25,13.09978368759566,12069677.7682415,853.0
2017-05-26,,9692231.946891349,994.0
2017-05-27,,11546455.842180904,995.0
2017-05-28,,11175474.016481271,881.0
2017-05-29,,11155381.024285715,987.0
2017-05-30,,13178077.806538463,910.0
2017-05-31,,10644715.159899598,996.0
2017-06-01,,10248866.794214047,1196.0
2017-06-02,,9277707.398368321,1048.0
2017-06-03,,9012774.244962567,935.0
2017-06-04,,9320912.370538244,1059.0
2017-06-05,,12012522.792135075,918.0
2017-06-06,5.593612637832161,9795911.54020649,1017.0
2017-06-07,,8964134.850904925,873.0
2017-06-08,,8570522.18578999,1019.0
2017-06-09,8.405346645339396,11560909.447865283,965.0
2017-06-10,,10625084.664858043,951.0
2017-06-11,,10707486.9975378,926.0
2017-06-12,8.052743883142067,7874183.456854369,1030.0
2017-06-13,8.361060731792405,7618194.797601693,1180.0
2017-06-14,,7276918.349547244,1016.0
2017-06-15,,17479248.43844019,1045.0
2017-06-16,,13768677.170880683,1056.0
2017-06-17,,8626469.834906833,966.0
2017-06-18,6.535023179807845,11714020.4612851,926.0
2017-06-19,48.740977265497754,12143490.14121212,924.0
2017-06-20,6.375648614325703,10803987.451875001,912.0
2017-06-21,,14021547.607578255,1214.0
2017-06-22,,10129020.985254748,1001.0
2017-06-23,,21787401.405764293,857.0
2017-06-24,7.610268157872527,11336058.101770146,757.0
2017-06-25,4.689059617618554,15088954.505496759,926.0
2017-06-26,,11136464.91064767,1158.0
2017-06-27,,10108544.618751546,809.0
2017-06-28,16.635482815083233,12473985.310053708,931.0
2017-06-29,,12219826.135502588,965.0
2017-06-30,,10246110.699133335,900.0
2017-07-01,,10856818.154232008,931.0
2017-07-02,,12637997.890314136,955.0
2017-07-03,,11304316.053778501,921.0
2017-07-04,,12130004.655028835,867.0
2017-07-05,,8783117.181835383,1057.0
2017-07-06,,10330874.15662413,862.0
2017-07-07,,13484710.867586933,949.0
2017-07-08,,12036656.807369815,1133.0
2017-07-09,,12770340.010747563,923.0
2017-07-10,,8826338.497719113,947.0
2017-07-11,,13501512.149586866,944.0
2017-07-12,,10334222.60280105,1146.0
2017-07-13,,11529376.37310915,907.0
2017-07-14,,13386277.236550523,861.0
2017-07-15,,14127364.803910615,895.0
2017-07-16,,14225617.237474287,875.0
2017-07-17,,8838782.635500563,889.0
2017-07-18,,10135899.496701268,867.0
2017-07-19,,10908739.207613517,947.0
2017-07-20,,9007156.053094983,937.0
2017-07-21,,12104620.099066667,975.0
2017-07-22,,9523646.694762375,1010.0
2017-07-23,,11081935.994925223,1003.0
2017-07-24,,11369479.27499487,975.0
2017-07-25,,10573327.67107454,1033.0
2017-07-26,,13753518.83507656,849.0
2017-07-27,,8886304.89025499,902.0
2017-07-28,,13679387.293522483,934.0
2017-07-29,,12671508.743250314,803.0
2017-07-30,,13917139.450653594,612.0
2017-07-31,14.318713704963923,12484187.468847351,642.0
2017-08-01,,15882060.89199052,633.0
2017-08-02,,23053883.503658537,738.0
2017-08-03,,19952994.29853503,628.0
2017-08-04,,14465184.32313433,469.0
2017-08-05,14.73450410199159,14394634.619960474,506.0
2017-08-06,,12651858.403913043,460.0
2017-08-07,,19435620.194210526,418.0
2017-08-08,,21441780.163203888,412.0
2017-08-09,,14942432.165277043,379.0
2017-08-10,,17369612.543671235,365.0
2017-08-11,,13988343.684954546,440.0
2017-08-12,,15493330.433886366,440.0
2017-08-13,,15942726.117507005,357.0
2017-08-14,,19491158.86574675,308.0
2017-08-15,48.870905187494465,35514191.61502959,338.0
2017-08-16,,9852337.65217431,1090.0
2017-08-17,,8762506.213867357,1161.0
2017-08-18,45.791758228013265,22003161.162574258,404.0
2017-08-19,,10835292.35947187,871.0
2017-08-20,,11066345.700166821,1079.0
2017-08-21,2.2901819650813056,28124714.89270833,528.0
2017-08-22,,15732202.195,546.0
2017-08-23,,14515477.981573237,553.0
2017-08-24,,19079227.67227273,770.0
2017-08-25,,17642650.661469698,660.0
2017-08-26,,23687977.506479133,551.0
2017-08-27,,14889700.628858447,657.0
2017-08-28,11.889385951070299,14201125.739264956,585.0
2017-08-29,,20018039.62568905,566.0
2017-08-30,,16068799.384648988,641.0
2017-08-31,,24283813.95522936,545.0
2017-09-01,,13300558.049638385,719.0
2017-09-02,,14406294.200528925,605.0
2017-09-03,38.17287133189628,16587344.333662692,587.0
2017-09-04,17.743110629470554,16237008.893809525,567.0
2017-09-05,11.379136478127316,17357273.37119782,551.0
2017-09-06,19.46728000610356,13169771.935434783,552.0
2017-09-07,,15668094.684222221,540.0
2017-09-08,24.356502568970868,15349968.01209231,650.0
2017-09-09,65.53888904666552,15482732.513532683,719.0
2017-09-10,,13719391.460273752,621.0
2017-09-11,5.091565962697512,13693053.600032896,608.0
2017-09-12,14.001821524949118,12968454.340092229,759.0
2017-09-13,68.42910823891681,14325199.331680162,494.0
2017-09-14,,15434714.616392693,657.0
2017-09-15,30.709721716681415,17605786.131626617,541.0
2017-09-16,,16867405.843729433,547.0
2017-09-17,13.894657493999718,14208840.982730264,608.0
2017-09-18,15.935510705065578,18763460.5124515,567.0
2017-09-19,,15117150.788986616,523.0
2017-09-20,12.034725421390512,19053254.025938105,517.0
2017-09-21,,16227406.378014704,544.0
2017-09-22,9.159935442257625,19560054.758018017,444.0
2017-09-23,19.278216642616073,18192715.091412216,524.0
2017-09-24,,25568511.175370365,432.0
2017-09-25,19.524329557410283,20246777.666272547,499.0
2017-09-26,,20483960.64485437,412.0
2017-09-27,,18625916.28370588,510.0
2017-09-28,26.790285860685376,26853327.374040823,490.0
2017-09-29,,18468106.199505497,728.0
2017-09-30,,19925671.288483754,554.0
2017-10-01,,16384435.591467889,654.0
2017-10-02,,20484965.097014155,777.0
2017-10-03,,19064605.629316237,585.0
2017-10-04,,22517201.125116732,514.0
2017-10-05,,18869010.03430403,546.0
2017-10-06,,21177535.501471173,503.0
2017-10-07,,16765458.806630602,647.0
2017-10-08,,22701199.067419846,655.0
2017-10-09,,22318842.52179134,508.0
2017-10-10,,18399782.035434086,622.0
2017-10-11,,20839005.354576975,721.0
2017-10-12,,24816536.11205167,658.0
2017-10-13,,21454878.50236422,626.0
2017-10-14,,13842409.42146264,629.0
2017-10-15,,20465158.40528131,551.0
2017-10-16,,23968421.73588461,520.0
2017-10-17,,22343410.94107639,576.0
2017-10-18,25.473751837094387,21692241.89931818,572.0
2017-10-19,,20788474.83689949,587.0
2017-10-20,,19341171.27,762.0
2017-10-21,34.04452161677893,13949436.98512358,1497.0
2017-10-22,,15874640.488403214,1121.0
2017-10-23,5.3604944864763455,18744482.542796053,912.0
2017-10-24,,26520070.501124747,489.0
2017-10-25,,19568209.95536508,630.0
2017-10-26,,18330032.273981232,746.0
2017-10-27,,18072221.0454488,791.0
2017-10-28,,18145651.88513298,752.0
2017-10-29,,27829970.489412703,630.0
2017-10-30,,16470854.468547944,730.0
2017-10-31,,23490286.850554787,721.0
2017-11-01,,22243900.615196373,662.0
2017-11-02,,17535109.127643313,628.0
2017-11-03,,25443424.27375618,607.0
2017-11-04,,19003294.284071762,641.0
2017-11-05,,20546894.56444445,693.0
2017-11-06,,23563501.9313615,639.0
2017-11-07,,22903699.071286645,614.0
2017-11-08,,26025844.43726524,607.0
2017-11-09,,23608077.58731169,770.0
2017-11-10,,11575758.60951724,1305.0
2017-11-11,,13961831.815399315,1465.0
2017-11-12,,20256898.14859355,775.0
2017-11-13,,19651183.192214385,709.0
2017-11-14,,13283260.56237774,593.0
2017-11-15,,16560419.604272844,777.0
2017-11-16,,15389630.844749263,678.0
2017-11-17,,17009252.78372449,588.0
2017-11-18,,15035607.457258318,631.0
2017-11-19,,12812943.813845161,775.0
2017-11-20,,17810985.18285205,561.0
2017-11-21,,16315331.321286645,614.0
2017-11-22,,13684621.406353744,735.0
2017-11-23,,16615618.643930858,781.0
2017-11-24,27.527610507623947,14581462.245292887,478.0
2017-11-25,,15995408.307913534,532.0
2017-11-26,,13957379.827037036,567.0
2017-11-27,,17613466.955309883,597.0
2017-11-28,,15341071.866750391,637.0
2017-11-29,13.451204932867032,11505940.181709923,655.0
2017-11-30,,14029999.322597014,670.0
2017-12-01,,14168291.364628932,795.0
2017-12-02,,14914994.959562501,640.0
2017-12-03,,17575643.5111557,623.0
2017-12-04,,16820634.802090682,794.0
2017-12-05,,20686104.707188014,601.0
2017-12-06,,17075424.963860545,588.0
2017-12-07,,14544106.92463458,561.0
2017-12-08,28.569175298479465,13755027.67687008,508.0
2017-12-09,,16086557.163152987,536.0
2017-12-10,,16925928.37294659,543.0
2017-12-11,,14285854.924512194,574.0
2017-12-12,,13706057.754355716,551.0
2017-12-13,,15611268.23230897,602.0
2017-12-14,26.634064125556815,16601698.095607324,601.0
2017-12-15,,16649566.611007603,526.0
2017-12-16,,19136977.612316117,639.0
2017-12-17,,13262163.453580247,486.0
2017-12-18,9.980173678105384,23908096.923352942,510.0
2017-12-19,,18252754.89,426.0
2017-12-20,,18451339.993802518,476.0
2017-12-21,,22182972.51289963,538.0
2017-12-22,24.94635488587823,18949544.13745602,739.0
2017-12-23,,19781962.73369091,550.0
2017-12-24,,12702376.501916265,621.0
2017-12-25,,25206615.57248521,676.0
2017-12-26,,19397518.134626392,629.0
2017-12-27,,15513598.80964083,529.0
2017-12-28,,13903052.094526904,539.0
2017-12-29,40.61751868788543,17315033.7831524,479.0
2017-12-30,,18997874.836350877,570.0
2017-12-31,9.747288598196501,16909009.625235043,468.0
2018-01-01,,15828126.84912727,550.0
2018-01-02,,15712702.896413662,527.0
2018-01-03,,17377022.496959183,490.0
2018-01-04,,19582968.25034632,462.0
2018-01-05,,23202347.163326573,493.0
2018-01-06,,17990596.428915933,452.0
2018-01-07,,21180665.173492406,461.0
2018-01-08,,21132324.198191218,387.0
2018-01-09,,18333868.19051282,429.0
2018-01-10,,19636597.962363638,440.0
2018-01-11,,18217805.70949367,474.0
2018-01-12,,13010021.661575181,419.0
2018-01-13,,14790343.674913546,694.0
2018-01-14,,20028159.986478876,426.0
2018-01-15,,19651901.764709543,482.0
2018-01-16,,16524448.329852672,543.0
2018-01-17,,19238617.287908904,483.0
2018-01-18,74.95361814112641,20348935.98916067,417.0
2018-01-19,,25711711.390534885,430.0
2018-01-20,21.68151889637212,17925127.71121813,353.0
2018-01-21,38.50945135058947,22497328.273,430.0
2018-01-22,36.85399176748568,23287216.84137931,377.0
2018-01-23,69.98958367661065,25466293.19388601,386.0
2018-01-24,,16785635.132317074,410.0
2018-01-25,8.912796300913788,13242400.010654762,336.0
2018-01-26,41.322657153440474,17149027.400707692,325.0
2018-01-27,36.7452269149529,11969869.724617021,470.0
2018-01-28,96.16302758644038,13642027.888247976,371.0
2018-01-29,,17625141.31532673,505.0
2018-01-30,13.010170566962621,20410453.275174543,487.0
2018-01-31,29.59840324815562,16911158.31076233,446.0
2018-02-01,30.953284175230166,16826329.3799284,419.0
2018-02-02,64.54427660543317,15090119.016556522,575.0
2018-02-03,,24586547.38898734,395.0
2018-02-04,,13628146.794612188,722.0
2018-02-05,,15245412.838123249,714.0
2018-02-06,,12386033.541176472,697.0
2018-02-07,,15111450.34123939,589.0
2018-02-08,,18294250.248401485,538.0
2018-02-09,22.117102638344925,16096039.40271047,487.0
2018-02-10,35.94514984250803,20053329.168135196,429.0
2018-02-11,48.49747473510417,14027416.391656186,477.0
2018-02-12,68.38856224133222,12875791.670644443,450.0
2018-02-13,,22323466.23391304,483.0
2018-02-14,,16237041.472854545,550.0
2018-02-15,,11986453.628687352,419.0
2018-02-16,41.23912124623558,13188200.970618183,550.0
2018-02-17,71.05467610300983,17759748.072864197,405.0
2018-02-18,,11170436.276387194,656.0
2018-02-19,,19032871.59031136,546.0
2018-02-20,43.21386513260008,17295718.711267605,497.0
2018-02-21,,13443313.177859923,514.0
2018-02-22,64.72821206955362,24948182.886974167,542.0
2018-02-23,24.822207706175167,17604185.915666003,503.0
2018-02-24,,22863763.396496598,588.0
2018-02-25,37.05372420780883,23447197.93209801,653.0
2018-02-26,32.06541020283976,19648499.279107913,695.0
2018-02-27,57.762546413348986,19391938.622773245,613.0
2018-02-28,,21433606.94397361,682.0
2018-03-01,17.798668296088174,23299834.505906433,684.0
2018-03-02,,16527316.878868196,698.0
2018-03-03,,19874205.925438873,638.0
2018-03-04,,17929117.48721232,617.0
2018-03-05,,27504686.407548636,514.0
2018-03-06,,20018370.596209966,562.0
2018-03-07,,20803056.662520867,599.0
2018-03-08,,14147212.114575163,612.0
2018-03-09,,16983850.80151007,596.0
2018-03-10,,15021488.760050252,597.0
2018-03-11,,19211584.8704811,582.0
2018-03-12,,16856806.531567946,574.0
2018-03-13,,20487232.90625,656.0
2018-03-14,,18440653.559406474,556.0
2018-03-15,,19370721.028389696,621.0
2018-03-16,,17943385.108950175,562.0
2018-03-17,,22719332.44794212,622.0
2018-03-18,,18503612.485317726,598.0
2018-03-19,,18885299.97904538,639.0
2018-03-20,,17853198.698359486,701.0
2018-03-21,,21708049.655597147,561.0
2018-03-22,,16593118.266666668,642.0
2018-03-23,,15500297.164058356,754.0
2018-03-24,,17673456.40963343,682.0
2018-03-25,,21184716.67972313,614.0
2018-03-26,,15790334.704412332,519.0
2018-03-27,,14941202.587327996,625.0
2018-03-28,,11354277.523402419,579.0
2018-03-29,51.61333001936652,11864437.966049049,734.0
2018-03-30,,19485543.80468803,593.0
2018-03-31,,15307498.859525861,696.0
2018-04-01,,15366449.056950867,692.0
2018-04-02,,13984904.486412698,630.0
2018-04-03,,12925766.017729139,731.0
2018-04-04,,19991036.962772436,624.0
2018-04-05,,12095304.663440196,811.0
2018-04-06,,13698448.84429477,631.0
2018-04-07,,14468408.92392638,652.0
2018-04-08,68.1562302677372,14829316.505482016,695.0
2018-04-09,,13098804.909396091,563.0
2018-04-10,,23565318.33534056,646.0
2018-04-11,,21322022.817438725,816.0
2018-04-12,,11197022.73453958,619.0
2018-04-13,,17200695.509474393,742.0
2018-04-14,,16525569.498494271,611.0
2018-04-15,,14356905.131214056,626.0
2018-04-16,,19126774.073187917,596.0
2018-04-17,,6659178.544849885,1732.0
2018-04-18,,17130639.462099086,767.0
2018-04-19,,9146681.031544013,1386.0
2018-04-20,,11909349.503263708,1149.0
2018-04-21,,13261857.749180328,671.0
2018-04-22,,11469310.442247024,672.0
2018-04-23,,20415416.2505187,829.0
2018-04-24,,27600667.019154232,402.0
2018-04-25,,23626798.810658224,395.0
2018-04-26,,26363474.97324023,358.0
2018-04-27,76.09738389288223,20034704.48372434,341.0
2018-04-28,77.10476026373404,9092807.112722602,1168.0
2018-04-29,,10913545.650917208,1232.0
2018-04-30,56.31782264355537,24658705.55893162,468.0
2018-05-01,,10003393.155545454,770.0
2018-05-02,24.548258676700467,14510413.365247108,951.0
2018-05-03,,30584249.50130682,528.0
2018-05-04,,13535425.35940136,735.0
2018-05-05,69.39971416622627,15830342.889977038,871.0
2018-05-06,,29007088.533405088,511.0
2018-05-07,,13857957.872138297,940.0
2018-05-08,26.885895333034757,18572813.9560177,678.0
2018-05-09,,13418199.511941448,649.0
2018-05-10,50.31264646452441,16314582.07974963,679.0
2018-05-11,,15905901.057719298,513.0
2018-05-12,16.855637660184303,17090363.369563494,504.0
2018-05-13,36.278050912734784,17707012.63043261,601.0
2018-05-14,,10081672.905565474,672.0
2018-05-15,69.29119996113047,12213849.456028985,690.0
2018-05-16,,13273960.49892989,542.0
2018-05-17,9.665929461301204,15022367.975603053,655.0
2018-05-18,,16331720.594803767,637.0
2018-05-19,49.68715122644904,13346568.354604106,682.0
2018-05-20,,19376473.31949861,718.0
2018-05-21,11.843145339347469,23765391.01378215,661.0
2018-05-22,14.714611575798672,14659247.090707434,834.0
2018-05-23,31.873328028295614,18081121.067772437,624.0
2018-05-24,42.4388651994929,12768129.001562065,717.0
2018-05-25,,15838196.55713681,709.0
2018-05-26,17.276166391697554,14683222.373507852,573.0
2018-05-27,16.32046119155526,13855105.550090091,555.0
2018-05-28,,13124934.043984497,645.0
2018-05-29,51.308756594349276,12119347.868193667,537.0
2018-05-30,,13564416.8954717,636.0
2018-05-31,13.552988595655217,14262329.752901483,741.0
2018-06-01,13.091226394373226,12880833.678975789,537.0
2018-06-02,33.261846878345416,13378416.184882628,639.0
2018-06-03,44.38544645447606,14439092.657360407,591.0
2018-06-04,59.74685746372872,13413367.198372094,602.0
2018-06-05,17.26336034108605,12762232.392775195,645.0
2018-06-06,,10428338.570775049,529.0
2018-06-07,45.88037491122866,14630115.235614035,570.0
2018-06-08,,12932637.606394688,527.0
2018-06-09,80.39067439357297,13926953.12169329,626.0
2018-06-10,,17698904.830201864,644.0
2018-06-11,,18960599.86979442,681.0
2018-06-12,,16580128.541350994,755.0
2018-06-13,36.48676640789063,12451356.753036303,606.0
2018-06-14,54.75844561853132,17273579.335477076,807.0
2018-06-15,,15525653.652163543,587.0
2018-06-16,,14163196.748472836,681.0
2018-06-17,42.367777444972376,14407053.772259194,571.0
2018-06-18,,9897936.972768532,661.0
2018-06-19,,12952166.845852047,757.0
2018-06-20,,20186731.8781717,629.0
2018-06-21,,15880228.751656152,634.0
2018-06-22,,19660728.5636478,636.0
2018-06-23,,11475218.316933332,825.0
2018-06-24,,19343898.840782125,716.0
2018-06-25,,18789316.076206353,630.0
2018-06-26,,14897811.456054216,664.0
2018-06-27,,17247122.772725984,708.0
2018-06-28,,12622848.857144773,746.0
2018-06-29,,17009187.27818408,804.0
2018-06-30,,18646499.78707672,756.0
2018-07-01,,18306087.187798295,704.0
2018-07-02,,23356126.52348086,836.0
2018-07-03,,15350585.11835165,637.0
2018-07-04,,11547503.030197801,910.0
2018-07-05,,17006317.267808918,785.0
2018-07-06,,16949847.358649023,718.0
2018-07-07,,11653174.920686405,743.0
2018-07-08,,16692025.751193093,637.0
2018-07-09,,15296124.698860569,667.0
2018-07-10,,14981640.877350688,653.0
2018-07-11,,18284533.48885609,542.0
2018-07-12,,15138962.242956655,646.0
2018-07-13,,11305849.548240224,716.0
2018-07-14,,16569215.083169322,691.0
2018-07-15,,16945463.50580542,627.0
2018-07-16,,17448091.684013963,573.0
2018-07-17,,12285634.108526219,1106.0
2018-07-18,,12371169.271984,1250.0
2018-07-19,,19638660.332785465,578.0
2018-07-20,,20314373.067739133,575.0
2018-07-21,,22776242.24796557,639.0
2018-07-22,,19243241.663482584,804.0
2018-07-23,,15396274.063376907,918.0
2018-07-24,,13675609.623128295,1138.0
2018-07-25,,14420623.0081893,729.0
2018-07-26,,16976508.8435614,570.0
2018-07-27,,18601575.92069697,660.0
2018-07-28,,20239094.713872634,581.0
2018-07-29,,19501811.928422663,653.0
2018-07-30,,17931476.039032258,651.0
2018-07-31,,18400839.607491206,853.0
2018-08-01,,18743565.72663768,690.0
2018-08-02,,15528442.845711805,576.0
2018-08-03,,12898013.815023327,643.0
2018-08-04,,13748485.0433438,637.0
2018-08-05,,18171966.900701758,684.0
2018-08-06,,17467958.43377907,688.0
2018-08-07,,14529364.38845092,652.0
2018-08-08,,19321695.956671827,646.0
2018-08-09,,19119398.387300435,689.0
2018-08-10,,17583695.33110368,598.0
2018-08-11,,24297278.868690036,542.0
2018-08-12,,19682356.17340751,719.0
2018-08-13,,17933035.362381727,613.0
2018-08-14,,16851210.279156804,676.0
2018-08-15,,18343891.025440957,669.0
2018-08-16,,28213197.846873015,630.0
2018-08-17,,22135085.803230293,647.0
2018-08-18,,22108648.668307696,650.0
2018-08-19,,15645355.151382487,651.0
2018-08-20,,20423708.266581196,585.0
2018-08-21,,28443359.93941406,512.0
2018-08-22,,23297050.845254514,609.0
2018-08-23,,23540319.701425992,554.0
2018-08-24,,21269267.640927676,636.0
2018-08-25,,17497274.46866097,702.0
2018-08-26,,29637545.115714286,525.0
2018-08-27,,21811966.116394557,588.0
2018-08-28,,23570783.493120685,580.0
2018-08-29,,20466573.038756955,539.0
2018-08-30,,23177143.865581397,602.0
2018-08-31,,27898036.38795374,562.0
2018-09-01,,22944641.620798178,877.0
2018-09-02,,19892887.162732843,816.0
2018-09-03,,14154889.730149254,603.0
2018-09-04,,24346133.251833107,731.0
2018-09-05,,21863277.57191633,741.0
2018-09-06,,13252104.943414966,735.0
2018-09-07,,15257829.129127726,642.0
2018-09-08,,14494144.834905008,579.0
2018-09-09,,21135872.92769737,608.0
2018-09-10,,20393564.889558136,430.0
2018-09-11,,18222493.18825784,574.0
2018-09-12,,21558277.691568937,631.0
2018-09-13,,17132427.459944546,541.0
2018-09-14,,23989778.908392858,784.0
2018-09-15,,23718623.403663367,404.0
2018-09-16,,21099041.010098428,508.0
2018-09-17,,20055683.213961538,520.0
2018-09-18,,17293983.861541424,519.0
2018-09-19,,23358454.186773647,592.0
2018-09-20,,20103650.475931477,467.0
2018-09-21,,15251541.617555149,544.0
2018-09-22,,21496549.586626746,501.0
2018-09-23,,23234266.64511111,495.0
2018-09-24,,24730242.81063853,924.0
2018-09-25,,29456000.068226498,468.0
2018-09-26,,18869433.51380282,568.0
2018-09-27,,24965530.176518988,474.0
2018-09-28,,16600873.641248051,641.0
2018-09-29,,19557741.392258067,651.0
2018-09-30,,20686110.50108411,535.0
2018-10-01,,12681840.326146616,532.0
2018-10-02,,16480027.432611465,471.0
2018-10-03,,16134417.319035532,591.0
2018-10-04,,22678411.913852297,501.0
2018-10-05,,20486400.972436648,513.0
2018-10-06,,14261717.484310722,457.0
2018-10-07,,13898747.006130347,491.0
2018-10-08,,18228185.85329004,462.0
2018-10-09,,19663457.405224722,534.0
2018-10-10,,19457289.535930734,462.0
2018-10-11,,16234786.511889312,524.0
2018-10-12,,19627928.87495327,535.0
2018-10-13,,13235729.643327842,607.0
2018-10-14,,24147529.05018518,540.0
2018-10-15,,18922521.945699483,386.0
2018-10-16,,19884243.060533334,525.0
2018-10-17,,18966582.643011767,850.0
2018-10-18,,18275672.63667351,487.0
2018-10-19,,21739714.7437299,622.0
2018-10-20,,17305708.915278595,682.0
2018-10-21,,18252559.004890513,548.0
2018-10-22,,17111889.748669066,556.0
2018-10-23,,17562017.29783362,577.0
2018-10-24,,19509945.18493976,581.0
2018-10-25,,19443975.543664124,655.0
2018-10-26,,13272301.551061809,631.0
2018-10-27,,12464673.047915256,590.0
2018-10-28,,12906527.249050086,579.0
2018-10-29,,19283636.629191343,878.0
2018-10-30,,7907319.495411905,1663.0
2018-10-31,,17933339.53562977,524.0
2018-11-01,,8295181.662456728,1791.0
2018-11-02,,13984635.009555874,698.0
2018-11-03,,17064720.486755956,672.0
2018-11-04,,15839713.358344482,598.0
2018-11-05,,15114446.345183946,598.0
2018-11-06,,19398224.54015345,782.0
2018-11-07,,14224902.111991871,738.0
2018-11-08,,16193569.288115134,1077.0
2018-11-09,,21667988.84732143,560.0
2018-11-10,,13645629.923074072,810.0
2018-11-11,,22626062.736057144,700.0
2018-11-12,,19177815.797833335,660.0
2018-11-13,,17425176.640400592,674.0
2018-11-14,,21874347.85487562,603.0
2018-11-15,,14940122.78650974,616.0
2018-11-16,,24604722.04748366,612.0
2018-11-17,,12058737.611182267,609.0
2018-11-18,,15550897.278976945,694.0
2018-11-19,,11724137.763968254,504.0
2018-11-20,,14134218.422795527,626.0
2018-11-21,,20094794.289005965,503.0
2018-11-22,,18175482.76498982,491.0
2018-11-23,,16060417.34403377,533.0
2018-11-24,,17521735.662583645,538.0
2018-11-25,,17769922.42535537,605.0
2018-11-26,,20739216.001201298,616.0
2018-11-27,,12760794.417118996,479.0
2018-11-28,,16763603.643413898,662.0
2018-11-29,,24274656.918557692,520.0
2018-11-30,,8488028.706924563,1551.0
2018-12-01,,16527718.221296297,594.0
2018-12-02,,12372807.774590908,440.0
2018-12-03,,13628978.761747288,1013.0
2018-12-04,,20206632.766992483,532.0
2018-12-05,,19573291.148585085,523.0
2018-12-06,,14736304.783767227,653.0
2018-12-07,,15744308.128984487,709.0
2018-12-08,,19903520.912421748,607.0
2018-12-09,,18857304.56208775,661.0
2018-12-10,,16088489.307230515,603.0
2018-12-11,,16731579.591177475,586.0
2018-12-12,,15545652.719188545,838.0
2018-12-13,,22074651.458980896,785.0
2018-12-14,,18005898.61513889,648.0
2018-12-15,,20007283.309431817,616.0
2018-12-16,,15738064.829763208,549.0
2018-12-17,,19881030.100086957,690.0
2018-12-18,,22305991.879725363,619.0
2018-12-19,,17713398.09909677,620.0
2018-12-20,,16320341.46560676,651.0
2018-12-21,,9013334.521288188,1964.0
2018-12-22,,20115877.78665339,753.0
2018-12-23,,18351551.669999998,592.0
2018-12-24,,9934515.5747532,1641.0
2018-12-25,,18643016.8538149,443.0
2018-12-26,,22228942.232185885,581.0
2018-12-27,,16101322.730570344,526.0
2018-12-28,,14517729.82221374,655.0
2018-12-29,,16664413.044917354,484.0
2018-12-30,,19378549.14334873,433.0
2018-12-31,,17253091.951746322,544.0
2019-01-01,,23576034.168512817,390.0
2019-01-02,,21651368.397699278,552.0
2019-01-03,,19664487.22373798,832.0
2019-01-04,,18934473.649642855,868.0
2019-01-05,35.69725882674747,30101896.514545456,385.0
2019-01-06,65.80547656774105,17816711.36,408.0
2019-01-07,,34502027.347439826,457.0
2019-01-08,,23783161.759759612,416.0
2019-01-09,45.665461366435196,23702917.361245956,618.0
2019-01-10,,38440675.47072034,236.0
2019-01-11,80.59010011560022,30994233.1327551,196.0
2019-01-12,,37884728.48414523,661.0
2019-01-13,,18491577.19262794,723.0
2019-01-14,,16591581.250600254,783.0
2019-01-15,,22311780.308868315,486.0
2019-01-16,,10749173.311414754,827.0
2019-01-17,,25258216.124082565,436.0
2019-01-18,,19409133.902447697,478.0
2019-01-19,,25107319.360210523,475.0
2019-01-20,,17489931.508395836,480.0
2019-01-21,39.932749583712194,20683502.35307692,520.0
2019-01-22,,21829304.921007875,635.0
2019-01-23,,23742513.53996865,638.0
2019-01-24,,20812444.568892922,551.0
2019-01-25,,18724546.655047618,630.0
2019-01-26,,13391049.519862069,580.0
2019-01-27,33.395856622649376,19909912.609551404,535.0
2019-01-28,46.666854633824435,14065230.299424704,591.0
2019-01-29,69.73718688066343,19512933.987150397,758.0
2019-01-30,,13171459.239938349,811.0
2019-01-31,,17626055.811810344,580.0
2019-02-01,,16822021.39818336,589.0
2019-02-02,,17500980.61891919,990.0
2019-02-03,,16993056.891955305,716.0
2019-02-04,,17539767.995535135,925.0
2019-02-05,,13685798.164749999,880.0
2019-02-06,,13793590.222952645,718.0
2019-02-07,,18765996.798169717,601.0
2019-02-08,,16845900.702398703,617.0
2019-02-09,,12587868.111392403,632.0
2019-02-10,,10300944.49087143,700.0
2019-02-11,,20116689.621746033,504.0
2019-02-12,,16162306.264932886,596.0
2019-02-13,,20862372.769585688,531.0
2019-02-14,,12085818.352232277,663.0
2019-02-15,,15173575.477540106,561.0
2019-02-16,,23111297.764928572,560.0
2019-02-17,,15843415.06617647,714.0
2019-02-18,,19312337.128102563,780.0
2019-02-19,,24862382.394837454,769.0
2019-02-20,,18153088.3685048,729.0
2019-02-21,,21634445.689672135,1037.0
2019-02-22,,23379539.98107143,756.0
2019-02-23,,18906044.27847079,582.0
2019-02-24,,21518668.49807112,928.0
2019-02-25,,19928021.683479052,549.0
2019-02-26,,15804257.164431438,598.0
2019-02-27,31.277306768132657,30927619.63086879,564.0
2019-02-28,65.66701742319901,17713028.132462908,674.0
2019-03-01,,23616644.411627907,602.0
2019-03-02,28.09079169217507,19519069.70470681,631.0
2019-03-03,42.544542461362774,18420902.965198617,579.0
2019-03-04,48.00312198392821,15173451.422857145,714.0
2019-03-05,71.04128376101947,19636359.62564254,677.0
2019-03-06,,17583623.55143396,530.0
2019-03-07,,19637751.10002703,740.0
2019-03-08,,29724633.070677966,649.0
2019-03-09,,12619633.740431849,741.0
2019-03-10,53.141807971864296,22147636.77041667,648.0
2019-03-11,21.421140349856174,29885686.25029654,607.0
2019-03-12,32.56880685804984,15904685.997817403,701.0
2019-03-13,,26095102.533000004,590.0
2019-03-14,,25624846.198978495,744.0
2019-03-15,,20232890.44590947,1193.0
2019-03-16,,22978424.34023576,509.0
2019-03-17,,18324304.44197861,561.0
2019-03-18,,26165674.846930128,873.0
2019-03-19,,23863425.83158479,631.0
2019-03-20,,18085331.968565088,676.0
2019-03-21,,22707826.320608363,526.0
2019-03-22,,19011263.59540687,553.0
2019-03-23,,16444780.749512535,718.0
2019-03-24,,19306940.7810549,929.0
2019-03-25,,24268529.82318182,418.0
2019-03-26,,19634837.379060775,543.0
2019-03-27,,17941667.459817447,493.0
2019-03-28,,18502903.510639537,516.0
2019-03-29,,15382779.869353449,464.0
2019-03-30,,11004113.566626795,418.0
2019-03-31,,27330072.081691332,473.0
2019-04-01,,17367136.00541667,456.0
2019-04-02,,26751259.93057072,403.0
2019-04-03,,19598946.972788673,459.0
2019-04-04,,15779849.881462622,923.0
2019-04-05,,22654526.629729066,812.0
2019-04-06,,22018464.844465725,992.0
2019-04-07,,19947147.235279806,822.0
2019-04-08,,18745596.228375454,554.0
2019-04-09,,19774551.758376624,616.0
2019-04-10,,17482814.42913821,615.0
2019-04-11,,20004337.411574464,470.0
2019-04-12,,16290803.897035401,452.0
2019-04-13,,35468737.17336694,496.0
2019-04-14,,15400363.16516529,484.0
2019-04-15,,14444419.193283582,536.0
2019-04-16,,26776042.29532189,466.0
2019-04-17,,15764713.666252723,459.0
2019-04-18,,26352436.337924905,506.0
2019-04-19,,30907228.445,404.0
2019-04-20,,21092992.508756097,410.0
2019-04-21,,24091192.83256779,627.0
2019-04-22,,24476793.859718613,462.0
2019-04-23,,22667882.352066804,479.0
2019-04-24,,22275354.17919355,1054.0
2019-04-25,,21067798.162634145,410.0
2019-04-26,,25477795.859265033,449.0
2019-04-27,,16095457.723979594,784.0
2019-04-28,,19077503.22290055,362.0
2019-04-29,,21474557.329877302,489.0
2019-04-30,,17731013.864074077,432.0
2019-05-01,,21558453.897527736,631.0
2019-05-02,,21522725.400071174,562.0
2019-05-03,,18285938.365603603,555.0
2019-05-04,,26473278.35728324,346.0
2019-05-05,,15122425.32984252,635.0
2019-05-06,,23126261.184099782,461.0
2019-05-07,,23700272.33655102,490.0
2019-05-08,,20985005.64923833,407.0
2019-05-09,,27330498.271462925,499.0
2019-05-10,,22737261.63197216,431.0
2019-05-11,,21413385.205117773,467.0
2019-05-12,,17866797.85918552,442.0
2019-05-13,10.398302045447899,16492091.264185565,485.0
2019-05-14,,20040921.74605882,510.0
2019-05-15,,15283162.668187251,502.0
2019-05-16,,15530232.260941178,1190.0
2019-05-17,,18881348.79937198,621.0
2019-05-18,,22016931.759825673,631.0
2019-05-19,,20834629.22546369,895.0
2019-05-20,,16007041.08585603,514.0
2019-05-21,,31643048.634841267,504.0
2019-05-22,,16314826.207342548,651.0
2019-05-23,,23275808.502020407,490.0
2019-05-24,,19185639.101214953,428.0
2019-05-25,,12592625.114502368,422.0
2019-05-26,,20969437.151569664,567.0
2019-05-27,,22906666.204031415,382.0
2019-05-28,,22764205.51973684,456.0
2019-05-29,,29357124.551920734,328.0
2019-05-30,,22359143.718883373,403.0
2019-05-31,,21291019.834807374,597.0
2019-06-01,,23582162.37286385,426.0
2019-06-02,,22981012.16106849,365.0
2019-06-03,,32421474.41848193,415.0
2019-06-04,,17602526.544336494,422.0
2019-06-05,,22191146.35820396,657.0
2019-06-06,,21448764.478212852,498.0
2019-06-07,,25730284.05617284,324.0
2019-06-08,,15265560.527728872,1136.0
2019-06-09,,16102167.592452027,469.0
2019-06-10,,20447367.021104652,688.0
2019-06-11,,22258316.29180672,714.0
2019-06-12,,20252694.30229755,531.0
2019-06-13,,16257702.523356892,566.0
2019-06-14,,9532869.759490663,589.0
2019-06-15,,19845573.235056605,530.0
2019-06-16,,19546003.214315243,387.0
2019-06-17,,25274615.86963964,444.0
2019-06-18,,18319889.726474103,502.0
2019-06-19,,12747350.14039578,379.0
2019-06-20,,28994133.67661123,481.0
2019-06-21,,17154847.51241096,365.0
2019-06-22,,21790396.15697892,427.0
2019-06-23,,25317417.42896321,299.0
2019-06-24,,18485857.644466292,356.0
2019-06-25,,20083498.77292593,540.0
2019-06-26,,17725266.621483143,445.0
2019-06-27,,21771768.588380743,457.0
2019-06-28,,15564525.445953565,603.0
2019-06-29,,13038271.284107402,689.0
2019-06-30,,23498455.951938577,521.0
2019-07-01,,17920950.597809732,452.0
2019-07-02,,16130354.343790663,707.0
2019-07-03,,23669110.12547739,398.0
2019-07-04,,17716959.879390243,410.0
2019-07-05,,21116786.46790795,478.0
2019-07-06,,22907953.796843432,396.0
2019-07-07,,19129364.663186528,386.0
2019-07-08,,23101706.154999997,416.0
2019-07-09,,14138679.780704226,497.0
2019-07-10,63.41582464801308,22935819.920198675,604.0
2019-07-11,,14778061.685697448,509.0
2019-07-12,7.960107460440468,14403163.501217565,501.0
2019-07-13,53.73343834367927,18683283.50406852,467.0
2019-07-14,52.34083529913274,11163444.60826955,601.0
2019-07-15,,38514190.8912931,464.0
2019-07-16,21.155368439336993,16468560.883419849,655.0
2019-07-17,,22234301.74168242,529.0
2019-07-18,43.00845655653884,9312212.989845956,779.0
2019-07-19,,17837489.887426328,509.0
2019-07-20,,23690032.489357024,591.0
2019-07-21,,14211036.940283842,916.0
2019-07-22,,16592161.43056259,711.0
2019-07-23,60.52487399566335,21546503.325599212,509.0
2019-07-24,39.12120160628623,16169597.940540541,851.0
2019-07-25,62.41810412225077,21434264.62447236,597.0
2019-07-26,8.074552146878943,13728700.967741229,456.0
2019-07-27,88.72005471790585,21288330.972585227,352.0
2019-07-28,125.00514976261573,21346686.52364035,456.0
2019-07-29,,15128611.2403163,411.0
2019-07-30,,32847155.72837259,467.0
2019-07-31,5.153955020036916,16173674.916559633,436.0
2019-08-01,7.250306418247493,27675065.574570026,407.0
2019-08-02,9.626599665739858,21742878.383219425,556.0
2019-08-03,25.076867098261868,19506108.248496994,499.0
2019-08-04,36.417285718860555,28467604.423586573,566.0
2019-08-05,13.47598070226697,16717959.828690477,504.0
2019-08-06,10.384825874779263,25314346.226201378,437.0
2019-08-07,43.29976234600561,23093824.49140515,427.0
2019-08-08,35.656097393241616,20387057.381632652,490.0
2019-08-09,32.36862179132881,43592094.12655329,441.0
2019-08-10,15.156966148052884,17810793.629686277,510.0
2019-08-11,18.061539839768326,24463468.96630734,436.0
2019-08-12,28.72472576659813,17330643.15336075,851.0
2019-08-13,32.73319963674503,15146191.98144654,636.0
2019-08-14,,30116217.267355207,518.0
2019-08-15,,20099213.940561056,606.0
2019-08-16,10.446700901196822,24581796.613976743,430.0
2019-08-17,24.42517130090746,25986137.07063181,459.0
2019-08-18,29.490319565982166,17205535.071222223,450.0
2019-08-19,,24414715.27799603,504.0
2019-08-20,,12782784.495224489,490.0
2019-08-21,7.577601079946581,15900044.045483872,620.0
2019-08-22,,22282502.69819231,520.0
2019-08-23,,19371033.050339703,471.0
2019-08-24,,29047671.351834454,447.0
2019-08-25,,17331105.16559611,411.0
2019-08-26,37.41137915721758,22872846.191920202,401.0
2019-08-27,,20383357.28867841,454.0
2019-08-28,,22559775.846113995,386.0
2019-08-29,,42040042.184966445,447.0
2019-08-30,,22771283.729258314,391.0
2019-08-31,14.71533542820522,23367828.827575758,363.0
2019-09-01,27.411075480895466,23709110.113579176,461.0
2019-09-02,,19549405.322820514,507.0
2019-09-03,,37056900.27985533,553.0
2019-09-04,,28590646.741007373,407.0
2019-09-05,,27820051.06698413,441.0
2019-09-06,,30250439.109956138,456.0
2019-09-07,,21850426.004647885,426.0
2019-09-08,,32684843.12132609,460.0
2019-09-09,,18775167.32868946,351.0
2019-09-10,,24389790.63292517,294.0
2019-09-11,8.562379794542522,23432825.410817944,379.0
2019-09-12,,24614224.71347059,340.0
2019-09-13,,29462886.322449442,445.0
2019-09-14,,13535745.94945415,458.0
2019-09-15,16.060763812858404,26736494.304336283,339.0
2019-09-16,10.813978790776243,17939097.917644445,450.0
2019-09-17,,24996065.591284152,366.0
2019-09-18,,40801124.74973837,344.0
2019-09-19,,22818270.703470714,461.0
2019-09-20,24.475980800049566,49712574.221569344,274.0
2019-09-21,,29585100.60714286,203.0
2019-09-22,,50323013.47873288,292.0
2019-09-23,,37959576.00761112,180.0
2019-09-24,26.624754997165603,35661830.455598086,209.0
2019-09-25,,30339266.23546939,245.0
2019-09-26,,28157968.560066335,603.0
2019-09-27,,22059795.81142265,724.0
2019-09-28,,31802128.41147799,318.0
2019-09-29,14.1355215795974,22616551.357576415,458.0
2019-09-30,,17741962.538782608,460.0
2019-10-01,,31936163.524583332,528.0
2019-10-02,,21865231.04190871,482.0
2019-10-03,,21043923.86162447,474.0
2019-10-04,,17981463.6608046,435.0
2019-10-05,,20208227.767161906,525.0
2019-10-06,,23632673.271215275,576.0
2019-10-07,,16348348.279638555,415.0
2019-10-08,,18325083.240290236,379.0
2019-10-09,,18865823.958220858,489.0
2019-10-10,,22479575.532661125,481.0
2019-10-11,,29697804.67771654,508.0
2019-10-12,,17761426.069414414,444.0
2019-10-13,,19742394.781361938,536.0
2019-10-14,,23434448.96410758,409.0
2019-10-15,,22779475.658234164,521.0
2019-10-16,,27623892.245461848,498.0
2019-10-17,,26413894.280781608,435.0
2019-10-18,,20639365.097847357,511.0
2019-10-19,,20913438.717247523,505.0
2019-10-20,,24411569.089718007,461.0
2019-10-21,,30300222.023607142,560.0
2019-10-22,,23107169.29530815,503.0
2019-10-23,,21831880.574624505,506.0
2019-10-24,,19661614.23505219,479.0
2019-10-25,,18660497.562161103,509.0
2019-10-26,,25776964.41552361,487.0
2019-10-27,,21903955.56768145,496.0
2019-10-28,,19051594.437053762,465.0
2019-10-29,,23843273.570399996,500.0
2019-10-30,,22262600.060182925,492.0
2019-10-31,,30299710.51709732,596.0
2019-11-01,,21884905.10172043,465.0
2019-11-02,,23781203.386078063,538.0
2019-11-03,35.11147446814721,21171627.07581301,492.0
2019-11-04,,21676242.06830571,543.0
2019-11-05,,29954968.270732988,573.0
2019-11-06,,21292291.96780048,832.0
2019-11-07,,26138200.164728813,590.0
2019-11-08,73.45394254860204,20101425.391050726,552.0
2019-11-09,,17878881.105088063,511.0
2019-11-10,,27174718.738772504,611.0
2019-11-11,,19935673.037976656,514.0
2019-11-12,9.296786074248944,27447091.649486165,506.0
2019-11-13,7.566330567135944,21100931.575388994,527.0
2019-11-14,,21987569.414166663,564.0
2019-11-15,,23011680.51822222,630.0
2019-11-16,,19285917.47285178,533.0
2019-11-17,34.387903350703525,25066593.8557451,510.0
2019-11-18,,19525390.13151737,547.0
2019-11-19,,18531665.16782906,585.0
2019-11-20,,23691046.899142418,653.0
2019-11-21,,21031957.631845906,623.0
2019-11-22,,18390700.067621056,475.0
2019-11-23,,16198528.529217081,562.0
2019-11-24,,21006904.22202429,494.0
2019-11-25,,32500257.83265079,630.0
2019-11-26,,16252173.836106557,488.0
2019-11-27,,24677766.123065956,561.0
2019-11-28,,12578591.165620198,911.0
2019-11-29,,26283432.489702046,1074.0
2019-11-30,,23607698.27577922,616.0
2019-12-01,,14902677.925441008,873.0
2019-12-02,,25031288.387043796,548.0
2019-12-03,,26602571.891915645,569.0
2019-12-04,,20707450.515533596,506.0
2019-12-05,,26711687.594095636,481.0
2019-12-06,,17032442.378650796,504.0
2019-12-07,,24328619.10437037,540.0
2019-12-08,,20159572.38721631,564.0
2019-12-09,,20792115.036989473,475.0
2019-12-10,,23780659.92293279,491.0
2019-12-11,,17915721.693249475,477.0
2019-12-12,,14311271.903539093,486.0
2019-12-13,,16972181.714882154,594.0
2019-12-14,,13463328.117458032,417.0
2019-12-15,,21561813.13412577,652.0
2019-12-16,,18328798.90519031,578.0
2019-12-17,,19526635.582774192,465.0
2019-12-18,,18773627.8877686,605.0
2019-12-19,,20194776.37270872,539.0
2019-12-20,,18829998.784296878,640.0
2019-12-21,,17947326.794402275,527.0
2019-12-22,,16668548.981349073,593.0
2019-12-23,,18188913.187775698,535.0
2019-12-24,,15809724.044967951,624.0
2019-12-25,,21903565.06555985,518.0
2019-12-26,,17349975.079707727,479.0
2019-12-27,,22210853.664065424,428.0
2019-12-28,,21511187.303675678,555.0
2019-12-29,,20759495.910300754,399.0
2019-12-30,,16688937.465849057,424.0
2019-12-31,,27262780.215693165,541.0
2020-01-01,,25278401.76225664,452.0
2020-01-02,,21540412.26337232,513.0
2020-01-03,,19562326.895011496,435.0
2020-01-04,,14299448.592827585,435.0
2020-01-05,,23069218.35003824,523.0
2020-01-06,,34396583.73289823,452.0
2020-01-07,,22962402.29381062,433.0
2020-01-08,,19833569.21771739,552.0
2020-01-09,,28394891.463314816,540.0
2020-01-10,,17124675.05886525,423.0
2020-01-11,,22052441.9829912,341.0
2020-01-12,,35176581.10054795,365.0
2020-01-13,,22475132.249528535,403.0
2020-01-14,,39263488.01531722,331.0
2020-01-15,,30618419.96402222,450.0
2020-01-16,,14753985.148673737,754.0
2020-01-17,,24951304.50622266,503.0
2020-01-18,,33058203.543356016,441.0
2020-01-19,,27300455.85739645,507.0
2020-01-20,,23207290.686729413,425.0
2020-01-21,,20965014.521486487,444.0
2020-01-22,,25399777.03267347,490.0
2020-01-23,,13351661.884685863,382.0
2020-01-24,,42072581.22478774,424.0
2020-01-25,,18877646.921759836,483.0
2020-01-26,,22076268.99540845,355.0
2020-01-27,,29371863.206235293,510.0
2020-01-28,,15776681.266607476,1070.0
2020-01-29,,23043963.33047445,548.0
2020-01-30,,28055645.892931726,498.0
2020-01-31,,14519711.352376811,1035.0
2020-02-01,,34522623.817821965,528.0
2020-02-02,,21583974.81758446,592.0
2020-02-03,,21384860.871059116,406.0
2020-02-04,,19620447.24748691,764.0
2020-02-05,,23214306.510185186,540.0
2020-02-06,,27594446.927991886,493.0
2020-02-07,,26133075.148487583,443.0
2020-02-08,,28291064.00292056,428.0
2020-02-09,,26469580.33882474,485.0
2020-02-10,,15088946.313147413,753.0
2020-02-11,,33501657.597693797,516.0
2020-02-12,,21571574.55362173,497.0
2020-02-13,,28247577.825252526,495.0
2020-02-14,,22713696.600581896,464.0
2020-02-15,,14050927.725652173,552.0
2020-02-16,,20527257.857006803,588.0
2020-02-17,,18279187.78705882,408.0
2020-02-18,,23253511.16259958,477.0
2020-02-19,,28971583.842367817,435.0
2020-02-20,,29400536.132190667,493.0
2020-02-21,,22072354.171561867,493.0
2020-02-22,,24406499.11519931,577.0
2020-02-23,,19423017.702722326,551.0
2020-02-24,,30089400.32979263,434.0
2020-02-25,,15998108.528322982,483.0
2020-02-26,,22184702.346648198,722.0
2020-02-27,,20496911.514343437,396.0
2020-02-28,,18510981.95180293,477.0
2020-02-29,,21793335.04064444,450.0
2020-03-01,,13668773.967315435,447.0
2020-03-02,,22414992.06751413,531.0
2020-03-03,,24459158.22254335,346.0
2020-03-04,,18635449.611273147,432.0
2020-03-05,,20950924.886854842,496.0
2020-03-06,,24155899.563114755,427.0
2020-03-07,,29052707.04960199,402.0
2020-03-08,,21631034.499439027,410.0
2020-03-09,,25378550.613067485,326.0
2020-03-10,,24864885.84065574,488.0
2020-03-11,,19969095.538980395,510.0
2020-03-12,,30496796.72500982,509.0
2020-03-13,,21498886.255438145,388.0
2020-03-14,,12890271.246046511,989.0
2020-03-15,,16346277.913359134,646.0
2020-03-16,,26812338.623642858,560.0
2020-03-17,,23697279.761420764,549.0
2020-03-18,,15373354.172907801,564.0
2020-03-19,,17564312.22339286,560.0
2020-03-20,,13303795.326285712,595.0
2020-03-21,,10528285.226513606,588.0
2020-03-22,,17369238.326099195,746.0
2020-03-23,,11489396.661277996,759.0
2020-03-24,,19528128.555672877,483.0
2020-03-25,,13447160.248123249,714.0
2020-03-26,,11927708.854696706,577.0
2020-03-27,,15731387.27503782,661.0
2020-03-28,,11726219.594644913,521.0
2020-03-29,,11358807.70224026,616.0
2020-03-30,,17298928.45981595,652.0
2020-03-31,,9159349.803935263,587.0
2020-04-01,,16988415.453533225,617.0
2020-04-02,,17954664.834180556,720.0
2020-04-03,,20731399.52397496,639.0
2020-04-04,,13796220.279868614,685.0
2020-04-05,,12547741.540046295,648.0
2020-04-06,,17432883.126757763,805.0
2020-04-07,,13208715.769275568,704.0
2020-04-08,,12339611.849322993,709.0
2020-04-09,,14170757.454517044,704.0
2020-04-10,,11830601.862791728,677.0
2020-04-11,,18443127.94019774,708.0
2020-04-12,,13357343.677858585,495.0
2020-04-13,,23434341.746944446,540.0
2020-04-14,,15743417.839762308,589.0
2020-04-15,,11810321.504567474,578.0
2020-04-16,,19004177.766815387,650.0
2020-04-17,,12339253.747538997,577.0
2020-04-18,,19740494.82471223,556.0
2020-04-19,,18449439.12096939,588.0
2020-04-20,,16173147.715498535,682.0
2020-04-21,,12529618.446396716,852.0
2020-04-22,,9813109.382405661,636.0
2020-04-23,,19698870.81212996,554.0
2020-04-24,,17488244.443176292,658.0
2020-04-25,,9544652.03241722,604.0
2020-04-26,,16138009.823492957,710.0
2020-04-27,,18771747.850895297,659.0
2020-04-28,,15273097.381647635,613.0
2020-04-29,,20768642.3125,628.0
2020-04-30,,11748640.332715517,696.0
2020-05-01,,12324782.922172373,847.0
2020-05-02,,17172044.808691274,596.0
2020-05-03,,17868404.599308435,723.0
2020-05-04,,16347686.722081445,663.0
2020-05-05,,16392392.336402537,631.0
2020-05-06,,18093381.106853582,642.0
2020-05-07,,13370736.264475219,686.0
2020-05-08,,23123812.220141344,566.0
2020-05-09,,12398814.448646287,687.0
2020-05-10,,14507417.139936706,632.0
2020-05-11,,13851811.926459627,805.0
2020-05-12,,11649442.239810996,582.0
2020-05-13,,21231889.45954463,549.0
2020-05-14,,13533997.758360654,549.0
2020-05-15,,12533916.535817612,636.0
2020-05-16,,18493378.033038117,892.0
2020-05-17,,8776961.649982994,1764.0
2020-05-18,,12793829.540082352,850.0
2020-05-19,,8427513.654461747,1477.0
2020-05-20,,9732314.894715985,757.0
2020-05-21,,13467989.564127464,659.0
2020-05-22,,15131915.308557047,596.0
2020-05-23,,14874955.668691278,596.0
2020-05-24,,18433529.936955556,450.0
2020-05-25,,9819125.585357834,517.0
2020-05-26,,15620223.281787233,705.0
2020-05-27,,16558653.264232632,619.0
2020-05-28,,28842881.04830018,553.0
2020-05-29,,25072709.64990991,555.0
2020-05-30,,12621105.504974004,577.0
2020-05-31,,21899151.756907217,582.0
2020-06-01,,11971114.4775657,723.0
2020-06-02,,16229238.338948546,447.0
2020-06-03,,15216267.224432236,546.0
2020-06-04,,18919990.050765958,235.0
2020-06-05,,20863766.11359184,490.0
2020-06-06,,19657397.962922707,414.0
2020-06-07,,17690896.279282514,446.0
2020-06-08,,27383586.911754385,342.0
2020-06-09,,22353544.78187817,197.0
2020-06-10,,36043077.26058496,359.0
2020-06-11,,25322033.07713178,645.0
2020-06-12,,20515745.579236884,629.0
2020-06-13,,16087896.151520548,730.0
2020-06-14,,25361881.433687255,518.0
2020-06-15,,21763321.588884406,744.0
2020-06-16,,19885502.929806363,723.0
2020-06-17,,19372210.520905044,674.0
2020-06-18,,19365881.538458213,694.0
2020-06-19,,18729685.118204284,607.0
2020-06-20,,18196251.79728395,729.0
2020-06-21,,15658784.353178168,623.0
2020-06-22,,16700004.615665022,812.0
2020-06-23,,19684368.260239523,668.0
2020-06-24,,16499711.742683925,734.0
2020-06-25,,21823010.916302416,787.0
2020-06-26,,21206308.854917217,604.0
2020-06-27,,18264417.2722651,596.0
2020-06-28,,16985803.551502734,732.0
2020-06-29,,18958476.676191065,806.0
2020-06-30,,22706679.937192053,755.0
2020-07-01,,10898478.490259066,772.0
2020-07-02,,18507351.93612739,785.0
2020-07-03,,16014308.149468223,771.0
2020-07-04,,10881363.699533679,772.0
2020-07-05,,20842013.719375,800.0
2020-07-06,,14578685.930596447,788.0
2020-07-07,,18856996.307242937,885.0
2020-07-08,,12249551.434638554,996.0
2020-07-09,,14031316.757411763,850.0
2020-07-10,,20823540.395251326,756.0
2020-07-11,,11826992.761797752,712.0
2020-07-12,,17841418.201502662,752.0
2020-07-13,,15334395.737256514,729.0
2020-07-14,,13688824.56341646,802.0
2020-07-15,,16800626.039002623,762.0
2020-07-16,,14295407.916421052,665.0
2020-07-17,,24645084.594380826,751.0
2020-07-18,,21695718.333950274,724.0
2020-07-19,,19852524.371388175,778.0
2020-07-20,,15779626.77626788,769.0
2020-07-21,,19152617.390572246,699.0
2020-07-22,,24415585.901014667,818.0
2020-07-23,,15294670.282644628,605.0
2020-07-24,,13061545.232480377,637.0
2020-07-25,,18405036.223787233,705.0
2020-07-26,,17404352.012192845,643.0
2020-07-27,,22153035.00293478,644.0
2020-07-28,,16969911.112119883,684.0
2020-07-29,,8883343.219568845,719.0
2020-07-30,,17211143.46452742,857.0
2020-07-31,,17432249.06461823,812.0
2020-08-01,,16477481.796578448,1058.0
2020-08-02,,13298467.293914083,838.0
2020-08-03,,8707082.925994152,684.0
2020-08-04,,17051682.570491992,874.0
2020-08-05,,20032616.82211876,741.0
2020-08-06,,14664507.388939226,905.0
2020-08-07,,12163186.17697644,764.0
2020-08-08,,9324334.116278736,696.0
2020-08-09,,12998739.792636957,1077.0
2020-08-10,,20683060.670697674,860.0
2020-08-11,,20511765.338298816,676.0
2020-08-12,,16979340.095476553,661.0
2020-08-13,,19648308.435989674,581.0
2020-08-14,,22310100.83358466,756.0
2020-08-15,,19761624.354283307,593.0
2020-08-16,,21518037.887289155,664.0
2020-08-17,,20408718.647372264,685.0
2020-08-18,,13918944.154357262,599.0
2020-08-19,,22617117.674622644,848.0
2020-08-20,,24161750.934871793,624.0
2020-08-21,,17048599.692770563,693.0
2020-08-22,,17325913.494691357,486.0
2020-08-23,,23395656.779215954,727.0
2020-08-24,,21441047.4543659,481.0
2020-08-25,17.261472137973122,20491286.489159156,666.0
2020-08-26,,15967975.94369686,541.0
2020-08-27,,11050292.98000832,1202.0
2020-08-28,,20705223.24186944,674.0
2020-08-29,,26185094.11831202,782.0
2020-08-30,,20531532.262512647,593.0
2020-08-31,,11614478.980730252,671.0
2020-09-01,,21130504.872653846,780.0
2020-09-02,,24506270.947949853,678.0
2020-09-03,13.753163777658672,18089248.62957382,657.0
2020-09-04,4.8625963118009246,20284804.173441228,587.0
2020-09-05,,12860452.64292496,653.0
2020-09-06,,19933395.267447494,619.0
2020-09-07,,15166065.32418124,629.0
2020-09-08,,22041375.835121293,742.0
2020-09-09,12.111652613537219,15473153.844319444,720.0
2020-09-10,,12136154.409563541,779.0
2020-09-11,,16891811.359069113,709.0
2020-09-12,,16046344.776996855,636.0
2020-09-13,,21088237.671774194,744.0
2020-09-14,,17620495.494883724,645.0
2020-09-15,,11242711.35347826,690.0
2020-09-16,,18798280.991076443,641.0
2020-09-17,,12169230.249131206,564.0
2020-09-18,,16328181.814535605,646.0
2020-09-19,,12028035.359121265,569.0
2020-09-20,,26890362.264759284,727.0
2020-09-21,,21173049.210776396,644.0
2020-09-22,,22545686.400102735,584.0
2020-09-23,,19794335.17577381,672.0
2020-09-24,,20161826.455103856,674.0
2020-09-25,,13895940.299501609,622.0
2020-09-26,,15770216.475384613,546.0
2020-09-27,,16930634.004492186,512.0
2020-09-28,,19154070.663156934,548.0
2020-09-29,18.098921554845813,15166504.809020538,633.0
2020-09-30,,10675069.330057887,691.0
2020-10-01,,13024184.93277045,758.0
2020-10-02,,14365335.915518796,665.0
2020-10-03,43.61208058546109,16218366.734245563,676.0
2020-10-04,14.300131420733711,19934853.62104295,652.0
2020-10-05,,20712664.83128173,788.0
2020-10-06,,25117487.68473684,779.0
2020-10-07,,18982387.039682273,598.0
2020-10-08,35.70196973805242,15747022.60443804,694.0
2020-10-09,7.0920741388896795,15911286.368645359,657.0
2020-10-10,,12233717.174673202,612.0
2020-10-11,,19784725.395528283,937.0
2020-10-12,,19394161.660400517,774.0
2020-10-13,9.953094686470308,23165051.309058826,1020.0
2020-10-14,,22545838.791754164,781.0
2020-10-15,,13269738.00558224,1374.0
2020-10-16,,19219958.2060266,1203.0
2020-10-17,,19164458.618787427,668.0
2020-10-18,,14297276.757926378,815.0
2020-10-19,8.27592437899189,21368772.352202937,749.0
2020-10-20,,16187814.93656463,882.0
2020-10-21,,21626009.48656954,755.0
2020-10-22,,22293316.570506826,513.0
2020-10-23,,24845593.54519685,635.0
2020-10-24,7.303469475502671,20262783.195661157,484.0
2020-10-25,,24507167.952857144,504.0
2020-10-26,,27388928.18447195,606.0
2020-10-27,59.388601377080356,21323121.377267443,516.0
2020-10-28,,22031044.964923598,589.0
2020-10-29,19.71836035070957,19542150.27353107,708.0
2020-10-30,30.45426511841921,25379909.000788253,647.0
2020-10-31,,22715455.052976698,944.0
2020-11-01,,10596721.730070285,2561.0
2020-11-02,,27070590.49716459,723.0
2020-11-03,6.008561369267706,10518152.911109135,2813.0
2020-11-04,,21466058.12066778,599.0
2020-11-05,,18008333.91054711,658.0
2020-11-06,,23059606.21093664,726.0
2020-11-07,11.698961691333666,14060528.651749117,566.0
2020-11-08,19.214621738162833,14013404.645472562,656.0
2020-11-09,,18700231.38426263,495.0
2020-11-10,,12911327.834380282,710.0
2020-11-11,,15528340.403941177,510.0
2020-11-12,,15377815.542035399,452.0
2020-11-13,35.53074847296487,17624916.98519328,595.0
2020-11-14,,19706563.40477435,421.0
2020-11-15,,9106532.096473118,930.0
2020-11-16,,19003530.001152176,460.0
2020-11-17,66.66374738964872,15789658.175952815,551.0
2020-11-18,13.25849480217746,16490840.963084113,535.0
2020-11-19,,20834988.331848428,541.0
2020-11-20,,21690087.430985693,629.0
2020-11-21,,27872114.704349376,561.0
2020-11-22,11.913317798563874,25265936.16362832,565.0
2020-11-23,8.720893591880735,27541464.21023739,674.0
2020-11-24,,20664191.370743137,619.0
2020-11-25,,27507566.716138493,852.0
2020-11-26,,23415416.268960305,529.0
2020-11-27,11.877958113306583,21294319.907711267,568.0
2020-11-28,8.028414364932978,23009449.94260337,653.0
2020-11-29,,24121556.75426256,617.0
2020-11-30,,25952849.99063257,743.0
2020-12-01,3.089594226450734,24238755.161191333,554.0
2020-12-02,,17845963.616364922,707.0
2020-12-03,11.015784999876322,12934069.496916378,574.0
2020-12-04,,10550722.925773196,679.0
2020-12-05,,18183912.522368666,1085.0
2020-12-06,,11279578.926328585,2386.0
2020-12-07,,17434269.262459606,557.0
2020-12-08,13.7115814215498,8775474.00012811,2732.0
2020-12-09,,17373843.91414676,586.0
2020-12-10,,24677209.73609524,630.0
2020-12-11,,25673087.33213355,614.0
2020-12-12,,20212409.93131657,676.0
2020-12-13,16.64637911176759,21647508.203953125,640.0
2020-12-14,,17942935.427846763,757.0
2020-12-15,,23352961.84108176,795.0
2020-12-16,,15000373.193716815,1130.0
2020-12-17,12.363591466554716,13354172.66287719,855.0
2020-12-18,9.572666391763663,23212677.520328082,762.0
2020-12-19,,9731375.332855133,711.0
2020-12-20,,13223799.993694916,1180.0
2020-12-21,,13069570.56597366,1063.0
2020-12-22,,16983631.344881322,969.0
2020-12-23,5.938137883830024,21863697.541988872,719.0
2020-12-24,,16375505.889031298,671.0
2020-12-25,,13389157.495234216,982.0
2020-12-26,,14150453.121930838,694.0
2020-12-27,9.990181219814083,11956610.666921211,825.0
2020-12-28,8.186141039811309,12759224.311678488,846.0
2020-12-29,,8352608.216438203,890.0
2020-12-30,,14723564.60963158,950.0
2020-12-31,,13927057.461041098,730.0
2021-01-01,,13452321.883698264,749.0
2021-01-02,12.303274768793154,14177183.52602374,674.0
2021-01-03,,9305466.879467042,713.0
2021-01-04,,17234802.65631644,809.0
2021-01-05,,12747267.172692308,832.0
2021-01-06,,17964237.62217788,877.0
2021-01-07,,16516002.70994589,924.0
2021-01-08,,20073518.968273807,840.0
2021-01-09,,13969926.644094981,1116.0
2021-01-10,,6146026.153819073,2244.0
2021-01-11,,20541133.71238184,1079.0
2021-01-12,,6586856.725516344,2692.0
2021-01-13,,10476003.679650258,772.0
2021-01-14,,14653396.293439634,878.0
2021-01-15,,13490367.247083776,943.0
2021-01-16,,12752644.792927496,731.0
2021-01-17,,13843839.060807692,780.0
2021-01-18,,7359623.698603604,666.0
2021-01-19,,18694359.274521075,783.0
2021-01-20,,14553276.748387879,825.0
2021-01-21,,11433110.309821004,838.0
2021-01-22,,10260577.988936916,856.0
2021-01-23,,11607836.1969448,779.0
2021-01-24,,13587968.54785921,1037.0
2021-01-25,,16471945.945544694,716.0
2021-01-26,15.69118037853337,14100227.337161765,680.0
2021-01-27,,12913250.461493164,951.0
2021-01-28,,16292564.322952757,762.0
2021-01-29,,21251563.270448092,915.0
2021-01-30,,18992137.22288071,788.0
2021-01-31,,15568140.522630952,840.0
2021-02-01,,14977483.296119165,621.0
2021-02-02,,18834347.13443871,775.0
2021-02-03,,22927281.460514467,622.0
2021-02-04,,24721656.950896908,970.0
2021-02-05,7.5985109750019655,14120414.291250002,600.0
2021-02-06,,21767077.317193676,506.0
2021-02-07,,12337984.15557377,549.0
2021-02-08,,19474731.85021875,640.0
2021-02-09,,19012887.791296624,563.0
2021-02-10,,11888150.058386628,688.0
2021-02-11,,12224559.701884817,764.0
2021-02-12,,12490740.545277383,703.0
2021-02-13,,13346926.644938271,1053.0
2021-02-14,,10553110.943194516,1897.0
2021-02-15,,26075776.425088383,792.0
2021-02-16,,5723195.7617280455,2118.0
2021-02-17,,12405737.350168971,651.0
2021-02-18,,24795804.624470774,633.0
2021-02-19,,14679422.676868198,827.0
2021-02-20,,16267944.626161974,852.0
2021-02-21,,17238405.78207469,482.0
2021-02-22,,0.0,0.0
2021-02-23,,0.0,0.0
2021-02-24,22.60916857740416,0.0,0.0
2021-02-25,,0.0,0.0
2021-02-26,,0.0,0.0
2021-02-27,,0.0,0.0
2021-02-28,,0.0,0.0
2021-03-01,33.57302851352996,0.0,0.0
2021-03-02,,0.0,0.0
2021-03-03,,0.0,0.0
2021-03-04,,0.0,0.0
2021-03-05,,0.0,0.0
2021-03-06,69.031155629377,0.0,0.0
2021-03-07,,0.0,0.0
2021-03-08,,0.0,0.0
2021-03-09,,0.0,0.0
2021-03-10,,0.0,0.0
2021-03-11,,0.0,0.0
2021-03-12,,0.0,0.0
2021-03-13,,0.0,0.0
2021-03-14,,0.0,0.0
2021-03-15,,0.0,0.0
2021-03-16,,0.0,0.0
2021-03-17,,0.0,0.0
2021-03-18,,0.0,0.0
2021-03-19,,0.0,0.0
2021-03-20,,0.0,0.0
2021-03-21,,0.0,0.0
2021-03-22,,0.0,0.0
2021-03-23,,0.0,0.0
2021-03-24,,0.0,0.0
2021-03-25,,0.0,0.0
2021-03-26,,0.0,0.0
2021-03-27,,0.0,0.0
2021-03-28,,0.0,0.0
2021-03-29,,0.0,0.0
2021-03-30,,0.0,0.0
2021-03-31,,0.0,0.0
2021-04-01,,0.0,0.0
2021-04-02,,0.0,0.0
2021-04-03,,0.0,0.0
2021-04-04,,0.0,0.0
2021-04-05,,0.0,0.0
2021-04-06,,0.0,0.0
2021-04-07,,0.0,0.0
2021-04-08,,0.0,0.0
2021-04-09,,0.0,0.0
2021-04-10,,0.0,0.0
2021-04-11,,0.0,0.0
2021-04-12,,0.0,0.0
2021-04-13,,0.0,0.0
2021-04-14,,0.0,0.0
2021-04-15,,0.0,0.0
2021-04-16,,0.0,0.0
2021-04-17,,0.0,0.0
2021-04-18,,0.0,0.0
2021-04-19,89.8591608250301,0.0,0.0
2021-04-20,,0.0,0.0
2021-04-21,,0.0,0.0
2021-04-22,,0.0,0.0
2021-04-23,,0.0,0.0
2021-04-24,,0.0,0.0
2021-04-25,142.88083341715,0.0,0.0
2021-04-26,,0.0,0.0
2021-04-27,,0.0,0.0
2021-04-28,,0.0,0.0
2021-04-29,,0.0,0.0
2021-04-30,,0.0,0.0
2021-05-01,,0.0,0.0
2021-05-02,,0.0,0.0
2021-05-03,,0.0,0.0
2021-05-04,,0.0,0.0
2021-05-05,,0.0,0.0
2021-05-06,,0.0,0.0
2021-05-07,,0.0,0.0
2021-05-08,,0.0,0.0
2021-05-09,,0.0,0.0
2021-05-10,,0.0,0.0
2021-05-11,,0.0,0.0
2021-05-12,,0.0,0.0
2021-05-13,,0.0,0.0
2021-05-14,,0.0,0.0
2021-05-15,198.62846070712203,0.0,0.0
2021-05-16,,0.0,0.0
2021-05-17,0.0,0.0,0.0
2021-05-18,,0.0,0.0
2021-05-19,,0.0,0.0
2021-05-20,,0.0,0.0
2021-05-21,127.0,0.0,0.0
2021-05-22,128.0,0.0,0.0
2021-05-23,,0.0,0.0
2021-05-24,,0.0,0.0
2021-05-25,181.1852750406819,0.0,0.0
2021-05-26,,0.0,0.0
2021-05-27,,0.0,0.0
2021-05-28,301.0,0.0,0.0
2021-05-29,,0.0,0.0
2021-05-30,,0.0,0.0
2021-05-31,,0.0,0.0
2021-06-01,,0.0,0.0
2021-06-02,,0.0,0.0
2021-06-03,,0.0,0.0
2021-06-04,,0.0,0.0
2021-06-05,,0.0,0.0
2021-06-06,,0.0,0.0
2021-06-07,,0.0,0.0
2021-06-08,,0.0,0.0
2021-06-09,,0.0,0.0
2021-06-10,,0.0,0.0
2021-06-11,0.0,0.0,0.0
2021-06-12,0.0,0.0,0.0
2021-06-13,130.0,0.0,0.0
2021-06-14,181.1852750406819,0.0,0.0
2021-06-15,127.92307692307692,0.0,0.0
2021-06-16,147.22944876503615,0.0,0.0
2021-06-17,413.66355140186914,0.0,0.0
2021-06-18,,0.0,0.0
2021-06-19,181.1852750406819,0.0,0.0
2021-06-20,,0.0,0.0
2021-06-21,245.53025792550733,0.0,0.0
2021-06-22,0.0,0.0,0.0
2021-06-23,,0.0,0.0
2021-06-24,,0.0,0.0
2021-06-25,142.05445599981468,0.0,0.0
2021-06-26,,0.0,0.0
2021-06-27,185.0,0.0,0.0
2021-06-28,,0.0,0.0
2021-06-29,,0.0,0.0
2021-06-30,0.0,0.0,0.0
2021-07-01,,0.0,0.0
2021-07-02,,0.0,0.0
2021-07-03,0.0,0.0,0.0
2021-07-04,,0.0,0.0
2021-07-05,,0.0,0.0
2021-07-06,,0.0,0.0
2021-07-07,0.0,0.0,0.0
2021-07-08,0.0,0.0,0.0
2021-07-09,234.18856054693887,0.0,0.0
2021-07-10,261.0,0.0,0.0
2021-07-11,0.0,0.0,0.0
2021-07-12,190.0,0.0,0.0
2021-07-13,187.0,0.0,0.0
2021-07-14,212.21893701645243,0.0,0.0
2021-07-15,0.0,0.0,0.0
2021-07-16,193.0,0.0,0.0
2021-07-17,287.0,0.0,0.0
2021-07-18,0.0,0.0,0.0
2021-07-19,240.33340419390825,0.0,0.0
2021-07-20,158.0,0.0,0.0
2021-07-21,260.0,0.0,0.0
2021-07-22,260.0,0.0,0.0
2021-07-23,0.0,0.0,0.0
2021-07-24,260.0,0.0,0.0
2021-07-25,0.0,0.0,0.0
2021-07-26,0.0,0.0,0.0
2021-07-27,0.0,0.0,0.0
2021-07-28,0.0,0.0,0.0
2021-07-29,260.0,0.0,0.0
2021-07-30,0.0,0.0,0.0
2021-07-31,0.0,0.0,0.0
2021-08-01,0.0,0.0,0.0
2021-08-02,0.0,0.0,0.0
2021-08-03,258.90772032885593,0.0,0.0
2021-08-04,0.0,0.0,0.0
2021-08-05,258.5,0.0,0.0
2021-08-06,259.0,0.0,0.0
2021-08-07,215.3561756816781,0.0,0.0
2021-08-08,258.3924208680673,0.0,0.0
2021-08-09,205.76372147642303,0.0,0.0
2021-08-10,248.91451043154422,0.0,0.0
2021-08-11,259.0,0.0,0.0
2021-08-12,259.0,0.0,0.0
2021-08-13,258.2088144294642,0.0,0.0
2021-08-14,0.0,0.0,0.0
2021-08-15,258.5,0.0,0.0
2021-08-16,259.0,0.0,0.0
2021-08-17,259.0,0.0,0.0
2021-08-18,258.2088144294642,0.0,0.0
2021-08-19,0.0,0.0,0.0
2021-08-20,258.5,0.0,0.0
2021-08-21,259.0,0.0,0.0
2021-08-22,407.4502900450989,0.0,0.0
2021-08-23,257.9967087839313,0.0,0.0
2021-08-24,0.0,0.0,0.0
2021-08-25,257.99999999999994,0.0,0.0
2021-08-26,259.0,0.0,0.0
2021-08-27,259.32587178322285,0.0,0.0
2021-08-28,258.2088144294642,0.0,0.0
2021-08-29,0.0,0.0,0.0
2021-08-30,258.5646196745285,0.0,0.0
2021-08-31,259.0,0.0,0.0
2021-09-01,0.0,0.0,0.0
2021-09-02,274.68701286330037,0.0,0.0
2021-09-03,258.25,0.0,0.0
2021-09-04,257.7873171459319,0.0,0.0
2021-09-05,259.00000000000006,0.0,0.0
2021-09-06,0.0,0.0,0.0
2021-09-07,257.72459437844157,0.0,0.0
2021-09-08,256.08897775757254,0.0,0.0
2021-09-09,257.99999999999994,0.0,0.0
2021-09-10,259.0,0.0,0.0
2021-09-11,0.0,0.0,0.0
2021-09-12,257.72459437844157,0.0,0.0
2021-09-13,0.0,0.0,0.0
2021-09-14,257.99999999999994,0.0,0.0
2021-09-15,259.0,0.0,0.0
2021-09-16,0.0,0.0,0.0
2021-09-17,239.2288715265684,0.0,0.0
2021-09-18,266.78076618540956,0.0,0.0
2021-09-19,257.99999999999994,0.0,0.0
2021-09-20,259.0,0.0,0.0
2021-09-21,280.0,0.0,0.0
2021-09-22,254.99421457987427,0.0,0.0
2021-09-23,,0.0,0.0
2021-09-24,,0.0,0.0
2021-09-25,,0.0,0.0
2021-09-26,280.0,0.0,0.0
2021-09-27,260.99530944718003,0.0,0.0
2021-09-28,258.0,0.0,0.0
2021-09-29,,0.0,0.0
2021-09-30,,0.0,0.0
2021-10-01,,0.0,0.0
2021-10-02,,0.0,0.0
2021-10-03,257.0,0.0,0.0
2021-10-04,,0.0,0.0
2021-10-05,,0.0,0.0
2021-10-06,280.0,0.0,0.0
2021-10-07,,0.0,0.0
2021-10-08,,0.0,0.0
2021-10-09,,0.0,0.0
2021-10-10,,0.0,0.0
2021-10-11,,0.0,0.0
2021-10-12,,0.0,0.0
2021-10-13,,0.0,0.0
2021-10-14,,0.0,0.0
2021-10-15,,0.0,0.0
2021-10-16,,0.0,0.0
2021-10-17,,0.0,0.0
2021-10-18,,0.0,0.0
2021-10-19,257.99999999999994,0.0,0.0
2021-10-20,259.0,0.0,0.0
2021-10-21,280.0,0.0,0.0
2021-10-22,,0.0,0.0
2021-10-23,,0.0,0.0
2021-10-24,,0.0,0.0
2021-10-25,260.43490738325073,0.0,0.0
2021-10-26,713.0,0.0,0.0
2021-10-27,,0.0,0.0
2021-10-28,,0.0,0.0
2021-10-29,,0.0,0.0
2021-10-30,,0.0,0.0
2021-10-31,282.6727713565959,0.0,0.0
2021-11-01,,0.0,0.0
2021-11-02,0.0,0.0,0.0
2021-11-03,,0.0,0.0
2021-11-04,0.0,0.0,0.0
2021-11-05,0.0,0.0,0.0
2021-11-06,0.0,0.0,0.0
2021-11-07,0.0,0.0,0.0
2021-11-08,0.0,0.0,0.0
2021-11-09,0.0,0.0,0.0
2021-11-10,0.0,0.0,0.0
2021-11-11,0.0,0.0,0.0
2021-11-12,0.0,0.0,0.0
2021-11-13,0.0,0.0,0.0
2021-11-14,0.0,0.0,0.0
2021-11-15,0.0,0.0,0.0
2021-11-16,0.0,0.0,0.0
2021-11-17,0.0,0.0,0.0
2021-11-18,0.0,0.0,0.0
2021-11-19,0.0,0.0,0.0
2021-11-20,0.0,0.0,0.0
2021-11-21,0.0,0.0,0.0
2021-11-22,0.0,0.0,0.0
2021-11-23,0.0,0.0,0.0
2021-11-24,0.0,0.0,0.0
2021-11-25,0.0,0.0,0.0
2021-11-26,0.0,0.0,0.0
2021-11-27,0.0,0.0,0.0
2021-11-28,0.0,0.0,0.0
2021-11-29,0.0,0.0,0.0
2021-11-30,0.0,0.0,0.0
2021-12-01,0.0,0.0,0.0
2021-12-02,0.0,0.0,0.0
2021-12-03,0.0,0.0,0.0
2021-12-04,0.0,0.0,0.0
2021-12-05,0.0,0.0,0.0
2021-12-06,0.0,0.0,0.0
2021-12-07,0.0,0.0,0.0
2021-12-08,0.0,0.0,0.0
2021-12-09,0.0,0.0,0.0
2021-12-10,0.0,0.0,0.0
2021-12-11,0.0,0.0,0.0
2021-12-12,0.0,0.0,0.0
2021-12-13,0.0,0.0,0.0
2021-12-14,0.0,0.0,0.0
2021-12-15,0.0,0.0,0.0
2021-12-16,0.0,0.0,0.0
2021-12-17,0.0,0.0,0.0
2021-12-18,0.0,0.0,0.0
2021-12-19,0.0,0.0,0.0
2021-12-20,0.0,0.0,0.0
2021-12-21,0.0,0.0,0.0
2021-12-22,0.0,0.0,0.0
2021-12-23,0.0,0.0,0.0
2021-12-24,0.0,0.0,0.0
2021-12-25,0.0,0.0,0.0
2021-12-26,0.0,0.0,0.0
2021-12-27,0.0,0.0,0.0
2021-12-28,0.0,0.0,0.0
2021-12-29,0.0,0.0,0.0
2021-12-30,0.0,0.0,0.0
2021-12-31,0.0,0.0,0.0
2022-01-01,0.0,0.0,0.0
2022-01-02,0.0,0.0,0.0
2022-01-03,0.0,0.0,0.0
2022-01-04,0.0,0.0,0.0
2022-01-05,0.0,0.0,0.0
2022-01-06,0.0,0.0,0.0
2022-01-07,0.0,0.0,0.0
2022-01-08,0.0,0.0,0.0
2022-01-09,0.0,0.0,0.0
2022-01-10,0.0,0.0,0.0
2022-01-11,0.0,0.0,0.0
2022-01-12,0.0,0.0,0.0
2022-01-13,0.0,0.0,0.0
2022-01-14,0.0,0.0,0.0
2022-01-15,0.0,0.0,0.0
2022-01-16,0.0,0.0,0.0
2022-01-17,0.0,0.0,0.0
2022-01-18,0.0,0.0,0.0
2022-01-19,0.0,0.0,0.0
2022-01-20,0.0,0.0,0.0
2022-01-21,0.0,0.0,0.0
2022-01-22,0.0,0.0,0.0
2022-01-23,0.0,0.0,0.0
2022-01-24,0.0,0.0,0.0
2022-01-25,0.0,0.0,0.0
2022-01-26,0.0,0.0,0.0
2022-01-27,0.0,0.0,0.0
2022-01-28,0.0,0.0,0.0
2022-01-29,0.0,0.0,0.0
2022-01-30,0.0,0.0,0.0
2022-01-31,0.0,0.0,0.0
2022-02-01,0.0,0.0,0.0
2022-02-02,0.0,0.0,0.0
2022-02-03,0.0,0.0,0.0
2022-02-04,0.0,0.0,0.0
2022-02-05,0.0,0.0,0.0
2022-02-06,0.0,0.0,0.0
2022-02-07,0.0,0.0,0.0
2022-02-08,0.0,0.0,0.0
2022-02-09,0.0,0.0,0.0
2022-02-10,0.0,0.0,0.0
2022-02-11,0.0,0.0,0.0
2022-02-12,0.0,0.0,0.0
2022-02-13,0.0,0.0,0.0
2022-02-14,0.0,0.0,0.0
2022-02-15,0.0,0.0,0.0
2022-02-16,0.0,0.0,0.0
2022-02-17,0.0,0.0,0.0
2022-02-18,0.0,0.0,0.0
2022-02-19,0.0,0.0,0.0
2022-02-20,0.0,0.0,0.0
2022-02-21,0.0,0.0,0.0
2022-02-22,0.0,0.0,0.0
2022-02-23,0.0,0.0,0.0
2022-02-24,0.0,0.0,0.0
2022-02-25,0.0,0.0,0.0
2022-02-26,0.0,0.0,0.0
2022-02-27,0.0,0.0,0.0
2022-02-28,0.0,0.0,0.0
2022-03-01,0.0,0.0,0.0
2022-03-02,0.0,0.0,0.0
2022-03-03,0.0,0.0,0.0
2022-03-04,0.0,0.0,0.0
2022-03-05,0.0,0.0,0.0
2022-03-06,0.0,0.0,0.0
2022-03-07,0.0,0.0,0.0
2022-03-08,0.0,0.0,0.0
2022-03-09,0.0,0.0,0.0
2022-03-10,0.0,0.0,0.0
2022-03-11,0.0,0.0,0.0
2022-03-12,0.0,0.0,0.0
2022-03-13,0.0,0.0,0.0
2022-03-14,0.0,0.0,0.0
2022-03-15,0.0,0.0,0.0
2022-03-16,0.0,0.0,0.0
2022-03-17,0.0,0.0,0.0
2022-03-18,0.0,0.0,0.0
2022-03-19,0.0,0.0,0.0
2022-03-20,0.0,0.0,0.0
2022-03-21,0.0,0.0,0.0
2022-03-22,0.0,0.0,0.0
2022-03-23,0.0,0.0,0.0
2022-03-24,0.0,0.0,0.0
2022-03-25,0.0,0.0,0.0
2022-03-26,0.0,0.0,0.0
2022-03-27,0.0,0.0,0.0
2022-03-28,0.0,0.0,0.0
2022-03-29,0.0,0.0,0.0
2022-03-30,0.0,0.0,0.0
2022-03-31,0.0,0.0,0.0
2022-04-01,0.0,0.0,0.0
2022-04-02,0.0,0.0,0.0
2022-04-03,0.0,0.0,0.0
2022-04-04,0.0,0.0,0.0
2022-04-05,0.0,0.0,0.0
2022-04-06,0.0,0.0,0.0
2022-04-07,0.0,0.0,0.0
2022-04-08,0.0,0.0,0.0
2022-04-09,0.0,0.0,0.0
2022-04-10,0.0,0.0,0.0
2022-04-11,0.0,0.0,0.0
2022-04-12,0.0,0.0,0.0
2022-04-13,0.0,0.0,0.0
2022-04-14,0.0,0.0,0.0
2022-04-15,0.0,0.0,0.0
2022-04-16,0.0,0.0,0.0
2022-04-17,0.0,0.0,0.0
2022-04-18,0.0,0.0,0.0
2022-04-19,0.0,0.0,0.0
2022-04-20,0.0,0.0,0.0
2022-04-21,0.0,0.0,0.0
2022-04-22,0.0,0.0,0.0
2022-04-23,0.0,0.0,0.0
2022-04-24,0.0,0.0,0.0
2022-04-25,0.0,0.0,0.0
2022-04-26,0.0,0.0,0.0
2022-04-27,0.0,0.0,0.0
2022-04-28,0.0,0.0,0.0
2022-04-29,0.0,0.0,0.0
2022-04-30,0.0,0.0,0.0
2022-05-01,0.0,0.0,0.0
2022-05-02,0.0,0.0,0.0
2022-05-03,0.0,0.0,0.0
2022-05-04,0.0,0.0,0.0
2022-05-05,0.0,0.0,0.0
2022-05-06,0.0,0.0,0.0
2022-05-07,0.0,0.0,0.0
2022-05-08,0.0,0.0,0.0
2022-05-09,0.0,0.0,0.0
2022-05-10,0.0,0.0,0.0
2022-05-11,0.0,0.0,0.0
2022-05-12,0.0,0.0,0.0
2022-05-13,0.0,0.0,0.0
2022-05-14,0.0,0.0,0.0
2022-05-15,0.0,0.0,0.0
2022-05-16,0.0,0.0,0.0
2022-05-17,0.0,0.0,0.0
2022-05-18,0.0,0.0,0.0
2022-05-19,0.0,0.0,0.0
2022-05-20,0.0,0.0,0.0
2022-05-21,0.0,0.0,0.0
2022-05-22,0.0,0.0,0.0
2022-05-23,0.0,0.0,0.0
2022-05-24,0.0,0.0,0.0
2022-05-25,0.0,0.0,0.0
2022-05-26,0.0,0.0,0.0
2022-05-27,0.0,0.0,0.0
2022-05-28,0.0,0.0,0.0
2022-05-29,0.0,0.0,0.0
2022-05-30,0.0,0.0,0.0
2022-05-31,0.0,0.0,0.0
2022-06-01,0.0,0.0,0.0
2022-06-02,0.0,0.0,0.0
2022-06-03,0.0,0.0,0.0
2022-06-04,0.0,0.0,0.0
2022-06-05,0.0,0.0,0.0
2022-06-06,0.0,0.0,0.0
2022-06-07,0.0,0.0,0.0
2022-06-08,0.0,0.0,0.0
2022-06-09,0.0,0.0,0.0
2022-06-10,0.0,0.0,0.0
2022-06-11,0.0,0.0,0.0
2022-06-12,0.0,0.0,0.0
2022-06-13,0.0,0.0,0.0
2022-06-14,0.0,0.0,0.0
2022-06-15,0.0,0.0,0.0
2022-06-16,0.0,0.0,0.0
2022-06-17,0.0,0.0,0.0
2022-06-18,0.0,0.0,0.0
2022-06-19,0.0,0.0,0.0
2022-06-20,0.0,0.0,0.0
2022-06-21,0.0,0.0,0.0
2022-06-22,0.0,0.0,0.0
2022-06-23,0.0,0.0,0.0
2022-06-24,0.0,0.0,0.0
2022-06-25,0.0,0.0,0.0
2022-06-26,0.0,0.0,0.0
2022-06-27,0.0,0.0,0.0
2022-06-28,0.0,0.0,0.0
2022-06-29,0.0,0.0,0.0
2022-06-30,0.0,0.0,0.0
2022-07-01,0.0,0.0,0.0
2022-07-02,0.0,0.0,0.0
2022-07-03,0.0,0.0,0.0
2022-07-04,0.0,0.0,0.0
2022-07-05,0.0,0.0,0.0
2022-07-06,0.0,0.0,0.0
2022-07-07,0.0,0.0,0.0
2022-07-08,0.0,0.0,0.0
2022-07-09,0.0,0.0,0.0
2022-07-10,0.0,0.0,0.0
2022-07-11,0.0,0.0,0.0
2022-07-12,0.0,0.0,0.0
2022-07-13,0.0,0.0,0.0
2022-07-14,0.0,0.0,0.0
2022-07-15,0.0,0.0,0.0
2022-07-16,0.0,0.0,0.0
2022-07-17,0.0,0.0,0.0
2022-07-18,0.0,0.0,0.0
2022-07-19,0.0,0.0,0.0
2022-07-20,0.0,0.0,0.0
2022-07-21,0.0,0.0,0.0
2022-07-22,0.0,0.0,0.0
2022-07-23,0.0,0.0,0.0
2022-07-24,0.0,0.0,0.0
2022-07-25,0.0,0.0,0.0
2022-07-26,0.0,0.0,0.0
2022-07-27,0.0,0.0,0.0
2022-07-28,0.0,0.0,0.0
2022-07-29,0.0,0.0,0.0
2022-07-30,0.0,0.0,0.0
2022-07-31,0.0,0.0,0.0
2022-08-01,0.0,0.0,0.0
2022-08-02,0.0,0.0,0.0
2022-08-03,0.0,0.0,0.0
2022-08-04,0.0,0.0,0.0
2022-08-05,0.0,0.0,0.0
2022-08-06,0.0,0.0,0.0
2022-08-07,0.0,0.0,0.0
2022-08-08,0.0,0.0,0.0
2022-08-09,0.0,0.0,0.0
2022-08-10,0.0,0.0,0.0
2022-08-11,0.0,0.0,0.0
2022-08-12,0.0,0.0,0.0
2022-08-13,0.0,0.0,0.0
2022-08-14,0.0,0.0,0.0
2022-08-15,0.0,0.0,0.0
2022-08-16,0.0,0.0,0.0
2022-08-17,0.0,0.0,0.0
2022-08-18,0.0,0.0,0.0
2022-08-19,0.0,0.0,0.0
2022-08-20,0.0,0.0,0.0
2022-08-21,0.0,0.0,0.0
2022-08-22,0.0,0.0,0.0
2022-08-23,0.0,0.0,0.0
2022-08-24,0.0,0.0,0.0
2022-08-25,0.0,0.0,0.0
2022-08-26,0.0,0.0,0.0
2022-08-27,0.0,0.0,0.0
2022-08-28,0.0,0.0,0.0
2022-08-29,0.0,0.0,0.0
2022-08-30,0.0,0.0,0.0
2022-08-31,0.0,0.0,0.0
2022-09-01,0.0,0.0,0.0
2022-09-02,0.0,0.0,0.0
2022-09-03,0.0,0.0,0.0
2022-09-04,0.0,0.0,0.0
2022-09-05,0.0,0.0,0.0
2022-09-06,0.0,0.0,0.0
2022-09-07,0.0,0.0,0.0
2022-09-08,0.0,0.0,0.0
2022-09-09,0.0,0.0,0.0
2022-09-10,0.0,0.0,0.0
2022-09-11,0.0,0.0,0.0
2022-09-12,0.0,0.0,0.0
2022-09-13,0.0,0.0,0.0
2022-09-14,0.0,0.0,0.0
2022-09-15,0.0,0.0,0.0
2022-09-16,0.0,0.0,0.0
2022-09-17,0.0,0.0,0.0
2022-09-18,0.0,0.0,0.0
2022-09-19,0.0,0.0,0.0
2022-09-20,0.0,0.0,0.0
2022-09-21,0.0,0.0,0.0
2022-09-22,0.0,0.0,0.0
2022-09-23,0.0,0.0,0.0
2022-09-24,0.0,0.0,0.0
2022-09-25,0.0,0.0,0.0
2022-09-26,0.0,0.0,0.0
2022-09-27,0.0,0.0,0.0
2022-09-28,0.0,0.0,0.0
2022-09-29,0.0,0.0,0.0
2022-09-30,0.0,0.0,0.0
2022-10-01,0.0,0.0,0.0
2022-10-02,0.0,0.0,0.0
2022-10-03,0.0,0.0,0.0
2022-10-04,0.0,0.0,0.0
2022-10-05,0.0,0.0,0.0
2022-10-06,0.0,0.0,0.0
2022-10-07,0.0,0.0,0.0
2022-10-08,0.0,0.0,0.0
2022-10-09,0.0,0.0,0.0
2022-10-10,0.0,0.0,0.0
2022-10-11,0.0,0.0,0.0
2022-10-12,0.0,0.0,0.0
2022-10-13,0.0,0.0,0.0
2022-10-14,0.0,0.0,0.0
2022-10-15,0.0,0.0,0.0
2022-10-16,0.0,0.0,0.0
2022-10-17,0.0,0.0,0.0
2022-10-18,0.0,0.0,0.0
2022-10-19,0.0,0.0,0.0
2022-10-20,0.0,0.0,0.0
2022-10-21,0.0,0.0,0.0
2022-10-22,0.0,0.0,0.0
2022-10-23,0.0,0.0,0.0
2022-10-24,0.0,0.0,0.0
2022-10-25,0.0,0.0,0.0
2022-10-26,0.0,0.0,0.0
2022-10-27,0.0,0.0,0.0
2022-10-28,0.0,0.0,0.0
2022-10-29,0.0,0.0,0.0
2022-10-30,0.0,0.0,0.0
2022-10-31,0.0,0.0,0.0
2022-11-01,0.0,0.0,0.0
2022-11-02,0.0,0.0,0.0
2022-11-03,0.0,0.0,0.0
2022-11-04,0.0,0.0,0.0
2022-11-05,0.0,0.0,0.0
2022-11-06,0.0,0.0,0.0
2022-11-07,0.0,0.0,0.0
2022-11-08,0.0,0.0,0.0
2022-11-09,0.0,0.0,0.0
2022-11-10,0.0,0.0,0.0
2022-11-11,0.0,0.0,0.0
2022-11-12,0.0,0.0,0.0
2022-11-13,0.0,0.0,0.0
2022-11-14,0.0,0.0,0.0
2022-11-15,0.0,0.0,0.0
2022-11-16,0.0,0.0,0.0
2022-11-17,0.0,0.0,0.0
2022-11-18,0.0,0.0,0.0
2022-11-19,0.0,0.0,0.0
2022-11-20,0.0,0.0,0.0
2022-11-21,0.0,0.0,0.0
2022-11-22,0.0,0.0,0.0
2022-11-23,0.0,0.0,0.0
2022-11-24,0.0,0.0,0.0
2022-11-25,0.0,0.0,0.0
2022-11-26,0.0,0.0,0.0
2022-11-27,0.0,0.0,0.0
2022-11-28,0.0,0.0,0.0
2022-11-29,0.0,0.0,0.0
2022-11-30,0.0,0.0,0.0
2022-12-01,0.0,0.0,0.0
2022-12-02,0.0,0.0,0.0
2022-12-03,0.0,0.0,0.0
2022-12-04,0.0,0.0,0.0
2022-12-05,0.0,0.0,0.0
2022-12-06,0.0,0.0,0.0
2022-12-07,0.0,0.0,0.0
2022-12-08,0.0,0.0,0.0
2022-12-09,0.0,0.0,0.0
2022-12-10,0.0,0.0,0.0
2022-12-11,0.0,0.0,0.0
2022-12-12,0.0,0.0,0.0
2022-12-13,0.0,0.0,0.0
2022-12-14,0.0,0.0,0.0
2022-12-15,0.0,0.0,0.0
2022-12-16,0.0,0.0,0.0
2022-12-17,0.0,0.0,0.0
2022-12-18,0.0,0.0,0.0
2022-12-19,0.0,0.0,0.0
2022-12-20,0.0,0.0,0.0
2022-12-21,0.0,0.0,0.0
2022-12-22,0.0,0.0,0.0
2022-12-23,0.0,0.0,0.0
2022-12-24,0.0,0.0,0.0
2022-12-25,0.0,0.0,0.0
2022-12-26,0.0,0.0,0.0
2022-12-27,0.0,0.0,0.0
2022-12-28,0.0,0.0,0.0
2022-12-29,0.0,0.0,0.0
2022-12-30,0.0,0.0,0.0
